,d_mean,d_std,d_max,d_min,d_peaks_num,d_peaks_mean,d_peaks_idx_mean,g_mean,g_std,g_max,g_min,g_argmax,g_peaks_num,g_peaks_mean,g_clpeak_idx,g_peaks_idx_mean,ud_mean,ud_std,ud_max,ud_min,ud_delta,ud_peaks_num,ud_peaks_mean,ug_mean,ug_std,ug_max,ug_min,ug_peaks_num,ug_peaks_mean,md_mean,md_std,md_max,md_min,md_peaks_num,md_peaks_mean,mg_mean,mg_std,mg_max,mg_min,mg_peaks_num,mg_peaks_mean,bd_mean,bd_std,bd_max,bd_min,bd_peaks_num,bd_peaks_mean,bg_mean,bg_std,bg_max,bg_min,bg_peaks_num,bg_peaks_mean,labels
0,2.5096,1.2219,5.771,1.247,0,0.0,0.0,-0.0123,0.0144,0.042,-0.075,104,19,0.028,127,57.4211,4.0055,0.9151,5.771,2.625,3.146,1,5.771,-0.0255,0.0184,0.042,-0.075,20,0.0275,2.0786,0.2603,2.613,1.702,0,0.0,-0.0077,0.0038,-0.0005,-0.0245,4,0.011,1.4446,0.1269,1.697,1.247,0,0.0,-0.0038,0.0015,-0.0015,-0.0105,0,0.0,3
1,2.5343,1.2511,6.434,1.249,0,0.0,0.0,-0.0149,0.0261,0.0025,-0.359,0,15,0.0347,118,50.2667,4.0661,0.9417,6.434,2.621,3.813,0,0.0,-0.0333,0.039,-0.0085,-0.359,19,0.0317,2.0886,0.261,2.611,1.704,0,0.0,-0.0076,0.0038,0.0025,-0.0205,3,0.0087,1.4483,0.1293,1.701,1.249,0,0.0,-0.0038,0.0014,-0.001,-0.008,0,0.0,3
2,2.5447,1.2596,6.131,1.25,1,6.131,1.0,-0.0127,0.0193,0.201,-0.099,0,28,0.0326,253,64.1071,4.0894,0.9427,6.131,2.629,3.502,1,6.131,-0.0267,0.0283,0.201,-0.099,27,0.0341,2.0942,0.261,2.617,1.722,0,0.0,-0.0075,0.004,0.007,-0.0215,3,0.0098,1.4506,0.1304,1.719,1.25,0,0.0,-0.0039,0.0018,-0.001,-0.013,2,0.0108,3
3,2.5554,1.2799,6.353,1.248,0,0.0,0.0,-0.0136,0.0177,0.134,-0.103,0,18,0.038,212,47.6111,4.1182,0.9783,6.353,2.628,3.725,0,0.0,-0.0294,0.0233,0.134,-0.103,20,0.0379,2.0956,0.2647,2.616,1.71,0,0.0,-0.0076,0.0039,0.0045,-0.0205,1,0.013,1.4524,0.131,1.706,1.248,0,0.0,-0.0038,0.0015,0.0,-0.009,0,0.0,3
4,2.5793,1.3059,6.544,1.252,0,0.0,0.0,-0.0148,0.018,0.001,-0.1245,4,24,0.0382,133,64.7083,4.174,1.0004,6.544,2.652,3.892,0,0.0,-0.0327,0.0216,-0.0055,-0.1245,20,0.0448,2.1061,0.27,2.644,1.722,0,0.0,-0.0077,0.0038,0.001,-0.017,7,0.0044,1.4579,0.1335,1.72,1.252,0,0.0,-0.0039,0.0019,-0.0005,-0.0105,0,0.0,3
5,2.5784,1.2937,6.479,1.256,0,0.0,0.0,-0.0145,0.0185,0.006,-0.1145,3,27,0.0397,189,65.6667,4.1652,0.9709,6.479,2.651,3.828,0,0.0,-0.0319,0.0234,0.006,-0.1145,25,0.0432,2.1104,0.2689,2.637,1.717,0,0.0,-0.0077,0.0039,-0.0005,-0.0195,5,0.0079,1.4597,0.134,1.712,1.256,0,0.0,-0.0038,0.0016,-0.0015,-0.009,0,0.0,3
6,2.5851,1.3058,6.379,1.261,0,0.0,0.0,-0.0143,0.0168,-0.0005,-0.106,109,23,0.043,201,61.9565,4.1856,0.9854,6.379,2.649,3.73,0,0.0,-0.0312,0.0198,-0.005,-0.106,22,0.045,2.11,0.2704,2.642,1.716,0,0.0,-0.0078,0.0034,-0.0015,-0.0175,5,0.0113,1.4597,0.1334,1.704,1.261,0,0.0,-0.0037,0.0016,-0.0005,-0.0095,0,0.0,3
7,2.5906,1.3227,6.589,1.257,0,0.0,0.0,-0.0148,0.0182,0.0015,-0.1075,5,23,0.0306,169,60.8696,4.2021,1.0258,6.589,2.659,3.93,0,0.0,-0.0328,0.022,-0.002,-0.1075,21,0.0362,2.1098,0.2693,2.646,1.707,0,0.0,-0.0079,0.0036,0.0015,-0.0185,4,0.0148,1.46,0.1326,1.702,1.257,0,0.0,-0.0037,0.0014,-0.001,-0.0075,0,0.0,3
8,2.5923,1.3161,6.293,1.258,0,0.0,0.0,-0.013,0.0218,0.231,-0.115,0,24,0.0354,201,76.1667,4.2031,1.0007,6.293,2.676,3.617,1,6.293,-0.0273,0.0329,0.231,-0.115,22,0.0387,2.1137,0.2683,2.654,1.717,0,0.0,-0.0079,0.0044,0.0015,-0.019,8,0.0102,1.4601,0.1317,1.709,1.258,0,0.0,-0.0038,0.0016,-0.0015,-0.0105,0,0.0,3
9,2.5863,1.3172,6.579,1.256,0,0.0,0.0,-0.0148,0.0186,0.0045,-0.145,5,24,0.0359,123,66.75,4.1919,1.0199,6.579,2.683,3.896,0,0.0,-0.0328,0.0229,-0.0065,-0.145,21,0.0406,2.1079,0.2652,2.648,1.714,0,0.0,-0.008,0.0047,0.0045,-0.0225,6,0.0065,1.4592,0.1325,1.704,1.256,0,0.0,-0.0038,0.0014,-0.001,-0.009,0,0.0,3
10,2.5868,1.3185,6.586,1.255,0,0.0,0.0,-0.0149,0.0188,0.002,-0.1555,4,19,0.0394,136,65.2105,4.1953,1.0195,6.586,2.675,3.911,0,0.0,-0.0328,0.0235,-0.004,-0.1555,21,0.0383,2.1056,0.2624,2.65,1.717,0,0.0,-0.0079,0.0045,0.002,-0.022,7,0.0104,1.4596,0.134,1.711,1.255,0,0.0,-0.0038,0.0014,-0.0005,-0.008,1,0.0005,3
11,2.5668,1.2938,6.528,1.251,0,0.0,0.0,-0.0146,0.0191,0.019,-0.1455,3,25,0.0381,215,67.6,4.1477,0.9912,6.528,2.666,3.862,0,0.0,-0.032,0.0245,0.019,-0.1455,25,0.0378,2.096,0.2623,2.651,1.711,0,0.0,-0.0079,0.0046,0.002,-0.0305,5,0.0159,1.4566,0.1329,1.705,1.251,0,0.0,-0.0038,0.0015,0.0,-0.009,0,0.0,3
12,2.553,1.2766,6.487,1.25,0,0.0,0.0,-0.0146,0.0184,0.0,-0.1115,3,25,0.0408,201,59.96,4.1146,0.9705,6.487,2.649,3.838,0,0.0,-0.0322,0.0227,-0.006,-0.1115,27,0.0422,2.0909,0.2618,2.639,1.707,0,0.0,-0.0078,0.0043,0.0,-0.0245,4,0.0161,1.4535,0.132,1.701,1.25,0,0.0,-0.0038,0.0017,-0.0005,-0.009,0,0.0,3
13,2.5448,1.2725,6.413,1.251,0,0.0,0.0,-0.0144,0.0178,0.0065,-0.113,109,25,0.0371,169,66.12,4.0988,0.9746,6.413,2.629,3.784,0,0.0,-0.0317,0.0218,0.0065,-0.113,23,0.042,2.0855,0.2587,2.619,1.699,0,0.0,-0.0077,0.0041,0.0015,-0.026,6,0.008,1.45,0.1303,1.693,1.251,0,0.0,-0.0037,0.0015,0.0015,-0.008,2,0.004,3
14,2.5363,1.2578,6.027,1.252,1,6.027,2.0,-0.0127,0.0172,0.113,-0.1125,0,23,0.0331,168,68.6522,4.0818,0.938,6.027,2.628,3.399,1,6.027,-0.0266,0.0238,0.113,-0.1125,17,0.0407,2.0796,0.2578,2.626,1.694,0,0.0,-0.0078,0.0046,-0.0005,-0.031,8,0.0136,1.4474,0.1304,1.687,1.252,0,0.0,-0.0037,0.0016,0.0,-0.0085,0,0.0,3
15,2.4835,1.1972,5.726,1.241,0,0.0,0.0,-0.0125,0.0132,0.0,-0.1075,106,22,0.0331,187,52.9091,3.962,0.8673,5.726,2.593,3.133,0,0.0,-0.0263,0.0146,-0.0035,-0.1075,24,0.0324,2.0536,0.2475,2.569,1.682,0,0.0,-0.0075,0.0036,0.0,-0.0215,2,0.0115,1.4351,0.1286,1.677,1.241,0,0.0,-0.0037,0.0018,0.0,-0.0105,0,0.0,3
16,2.4274,1.1377,5.385,1.227,0,0.0,0.0,-0.0115,0.0112,0.006,-0.0715,103,13,0.0276,127,77.9231,3.8351,0.8109,5.385,2.519,2.866,0,0.0,-0.0239,0.0111,0.003,-0.0715,14,0.0267,2.0249,0.2363,2.505,1.664,0,0.0,-0.0071,0.0037,0.003,-0.0255,3,0.0132,1.4223,0.1264,1.659,1.227,0,0.0,-0.0035,0.0019,0.006,-0.0105,0,0.0,3
17,2.3002,1.013,4.792,1.224,0,0.0,0.0,-0.01,0.0101,0.0025,-0.096,94,10,0.0264,188,95.1,3.5488,0.7189,4.792,2.392,2.4,0,0.0,-0.0202,0.0115,-0.002,-0.096,14,0.0255,1.9579,0.2237,2.381,1.627,0,0.0,-0.0063,0.0027,0.0025,-0.017,1,0.017,1.394,0.1185,1.623,1.224,1,1.231,-0.0034,0.0017,0.0025,-0.009,1,0.0,3
18,2.2515,0.9566,4.415,1.198,0,0.0,0.0,-0.0088,0.0095,0.041,-0.086,91,15,0.0194,187,67.2,3.4341,0.6571,4.415,2.379,2.036,2,4.404,-0.0165,0.013,0.041,-0.086,19,0.0192,1.9371,0.22,2.375,1.612,0,0.0,-0.0064,0.0029,0.001,-0.016,2,0.0133,1.3832,0.1163,1.61,1.198,0,0.0,-0.0035,0.0017,0.0015,-0.009,0,0.0,3
19,2.1851,0.903,4.456,1.19,0,0.0,0.0,-0.0091,0.0089,0.0025,-0.0695,87,8,0.0246,119,74.25,3.2956,0.635,4.456,2.31,2.146,0,0.0,-0.018,0.0103,0.0025,-0.0695,13,0.022,1.8932,0.2052,2.286,1.586,0,0.0,-0.0059,0.003,0.0025,-0.0155,3,0.0078,1.3665,0.1123,1.583,1.19,0,0.0,-0.0033,0.0014,0.0005,-0.0085,0,0.0,3
20,2.1617,0.886,4.379,1.187,0,0.0,0.0,-0.0089,0.0084,0.001,-0.0665,86,13,0.0222,142,47.9231,3.2497,0.6256,4.379,2.285,2.094,0,0.0,-0.0176,0.0091,-0.003,-0.0665,17,0.0222,1.8772,0.2022,2.266,1.57,0,0.0,-0.0059,0.0025,-0.001,-0.0135,3,0.009,1.3582,0.1112,1.564,1.187,0,0.0,-0.0032,0.002,0.001,-0.01,2,0.0055,3
21,2.1152,0.8405,4.124,1.189,0,0.0,0.0,-0.0081,0.0081,0.008,-0.0775,86,7,0.0277,86,63.7143,3.1503,0.5809,4.124,2.241,1.883,0,0.0,-0.0156,0.0102,0.008,-0.0775,7,0.0283,1.849,0.1932,2.229,1.547,0,0.0,-0.0058,0.0024,-0.0005,-0.013,1,0.0105,1.3463,0.105,1.542,1.189,0,0.0,-0.003,0.001,-0.001,-0.006,0,0.0,3
22,2.1396,0.863,4.247,1.187,0,0.0,0.0,-0.0086,0.0077,-0.001,-0.0415,88,14,0.0183,178,61.7857,3.2034,0.599,4.247,2.257,1.99,0,0.0,-0.0168,0.0081,-0.0015,-0.0415,16,0.0193,1.8605,0.196,2.247,1.563,0,0.0,-0.0058,0.0025,-0.0015,-0.015,1,0.0125,1.3549,0.1084,1.56,1.187,0,0.0,-0.0031,0.001,-0.001,-0.007,0,0.0,3
23,2.1981,0.8921,4.262,1.217,1,4.262,9.0,-0.0081,0.0087,0.0225,-0.0675,99,8,0.0218,128,38.625,3.309,0.5902,4.262,2.312,1.95,1,4.262,-0.0153,0.0117,0.0225,-0.0675,13,0.0232,1.9014,0.2039,2.299,1.595,0,0.0,-0.0059,0.0025,-0.0015,-0.0145,1,0.0145,1.3838,0.1113,1.592,1.217,0,0.0,-0.0031,0.0011,0.0,-0.0065,0,0.0,3
24,2.2439,0.9232,4.452,1.22,0,0.0,0.0,-0.009,0.0088,0.006,-0.058,5,20,0.0199,141,60.95,3.4004,0.5898,4.452,2.36,2.092,0,0.0,-0.0175,0.0103,0.001,-0.058,15,0.0233,1.9342,0.2136,2.348,1.611,0,0.0,-0.0062,0.0031,0.006,-0.0185,10,0.0097,1.3971,0.1146,1.606,1.22,0,0.0,-0.0032,0.001,-0.0015,-0.006,0,0.0,3
25,2.3285,1.0046,4.838,1.228,0,0.0,0.0,-0.01,0.0099,0.0055,-0.0705,9,12,0.0252,197,63.5833,3.5958,0.6257,4.838,2.483,2.355,0,0.0,-0.0197,0.0115,0.0055,-0.0705,12,0.025,1.9786,0.2282,2.459,1.635,0,0.0,-0.007,0.0034,-0.0005,-0.0205,4,0.0071,1.411,0.1176,1.629,1.228,0,0.0,-0.0034,0.001,-0.0015,-0.007,0,0.0,3
26,2.3417,1.0254,4.823,1.23,0,0.0,0.0,-0.01,0.0099,0.0175,-0.064,25,21,0.0245,202,60.9048,3.6312,0.6549,4.823,2.509,2.314,0,0.0,-0.0194,0.0118,0.0175,-0.064,21,0.0265,1.9828,0.2321,2.49,1.64,0,0.0,-0.0072,0.0039,0.001,-0.025,5,0.0057,1.4112,0.1189,1.634,1.23,0,0.0,-0.0034,0.0011,-0.001,-0.0065,0,0.0,3
27,2.3396,1.0318,5.074,1.228,0,0.0,0.0,-0.0107,0.0105,0.0035,-0.056,35,26,0.0238,215,64.3462,3.6311,0.6795,5.074,2.591,2.483,0,0.0,-0.021,0.0104,-0.003,-0.056,25,0.0252,1.9775,0.2347,2.562,1.637,0,0.0,-0.0078,0.0072,0.0035,-0.0545,6,0.0113,1.4102,0.1182,1.633,1.228,0,0.0,-0.0034,0.0013,0.0005,-0.008,0,0.0,3
28,2.3404,1.0305,4.965,1.226,1,4.965,3.0,-0.01,0.0113,0.046,-0.064,122,19,0.0271,122,65.6316,3.6325,0.6666,4.965,2.656,2.309,1,4.965,-0.0182,0.0138,0.046,-0.0515,18,0.0273,1.9811,0.2422,2.629,1.623,0,0.0,-0.0085,0.0086,-0.0005,-0.064,7,0.0157,1.4076,0.118,1.62,1.226,0,0.0,-0.0033,0.0013,0.0,-0.0075,0,0.0,3
29,2.3051,1.0007,4.995,1.214,0,0.0,0.0,-0.0105,0.0106,-0.0005,-0.0685,2,14,0.021,162,45.5,3.5601,0.6414,4.995,2.62,2.375,0,0.0,-0.02,0.0109,-0.004,-0.0685,15,0.021,1.9595,0.2413,2.602,1.618,0,0.0,-0.0083,0.0086,-0.001,-0.0655,1,0.012,1.3957,0.1151,1.613,1.214,0,0.0,-0.0034,0.0013,-0.0005,-0.0075,0,0.0,3
30,2.2894,0.9709,4.963,1.219,0,0.0,0.0,-0.0104,0.0122,0.007,-0.084,4,14,0.0271,136,78.2143,3.5095,0.5942,4.963,2.626,2.337,3,3.9187,-0.0195,0.0156,0.007,-0.084,17,0.0216,1.9653,0.2571,2.619,1.613,0,0.0,-0.0084,0.0078,-0.001,-0.057,5,0.0164,1.3936,0.113,1.608,1.219,0,0.0,-0.0033,0.0011,-0.001,-0.007,0,0.0,3
31,2.328,1.0095,4.974,1.216,0,0.0,0.0,-0.0104,0.0114,0.0,-0.113,3,17,0.0288,141,70.8235,3.5879,0.6271,4.974,2.714,2.26,0,0.0,-0.0189,0.014,0.0,-0.113,18,0.0246,1.9988,0.2978,2.706,1.619,0,0.0,-0.0091,0.0084,-0.0025,-0.058,6,0.0228,1.3971,0.1144,1.614,1.216,0,0.0,-0.0033,0.0012,-0.001,-0.0075,0,0.0,3
32,2.4264,1.1211,5.358,1.226,0,0.0,0.0,-0.0111,0.013,0.071,-0.071,0,28,0.0267,147,55.6429,3.7987,0.7744,5.358,2.774,2.584,0,0.0,-0.0203,0.0176,0.071,-0.071,28,0.025,2.0694,0.3396,2.766,1.646,0,0.0,-0.0094,0.0073,-0.0025,-0.048,4,0.0234,1.4112,0.1186,1.642,1.226,0,0.0,-0.0035,0.001,-0.0015,-0.0065,0,0.0,3
33,2.4336,1.1101,5.508,1.238,0,0.0,0.0,-0.0119,0.0125,0.0005,-0.093,14,19,0.0294,152,55.1053,3.7863,0.7693,5.508,2.784,2.724,0,0.0,-0.0228,0.0152,-0.0045,-0.093,19,0.0276,2.0923,0.3482,2.774,1.651,0,0.0,-0.0094,0.0063,-0.003,-0.043,4,0.0241,1.4222,0.1202,1.649,1.238,0,0.0,-0.0034,0.0011,0.0005,-0.0075,0,0.0,3
34,2.4826,1.1649,6.02,1.243,0,0.0,0.0,-0.0133,0.0157,0.0,-0.1115,9,11,0.0411,163,58.3636,3.8851,0.8522,6.02,2.811,3.209,0,0.0,-0.0269,0.0201,-0.008,-0.1115,17,0.0391,2.1338,0.3614,2.799,1.665,0,0.0,-0.0095,0.006,-0.003,-0.039,3,0.022,1.4289,0.1227,1.66,1.243,0,0.0,-0.0035,0.0012,0.0,-0.0065,0,0.0,3
35,2.4811,1.1735,5.891,1.233,0,0.0,0.0,-0.013,0.0144,-0.001,-0.086,26,18,0.0406,178,65.2778,3.8914,0.8707,5.891,2.79,3.101,0,0.0,-0.0259,0.0178,-0.007,-0.086,18,0.04,2.1281,0.3557,2.775,1.661,0,0.0,-0.0094,0.006,-0.0025,-0.0335,5,0.0229,1.4238,0.1227,1.656,1.233,0,0.0,-0.0035,0.0011,-0.001,-0.006,0,0.0,3
36,2.4211,1.1096,5.585,1.228,0,0.0,0.0,-0.0122,0.0125,-0.0015,-0.079,17,20,0.0282,172,62.1,3.7594,0.8004,5.585,2.718,2.867,0,0.0,-0.0241,0.0144,-0.006,-0.079,21,0.0275,2.094,0.3446,2.711,1.642,0,0.0,-0.009,0.0054,-0.002,-0.029,5,0.021,1.41,0.1174,1.637,1.228,0,0.0,-0.0034,0.001,-0.0015,-0.0065,0,0.0,3
37,2.3747,1.0568,5.406,1.226,0,0.0,0.0,-0.0117,0.0122,0.0005,-0.0665,3,18,0.0273,159,66.6667,3.6539,0.7342,5.406,2.676,2.73,0,0.0,-0.0229,0.0142,-0.007,-0.0665,18,0.0291,2.0726,0.3397,2.677,1.624,0,0.0,-0.0088,0.0061,0.0005,-0.032,7,0.0092,1.3975,0.1165,1.622,1.226,0,0.0,-0.0033,0.0013,0.0,-0.007,0,0.0,3
38,2.2736,0.9478,4.626,1.205,0,0.0,0.0,-0.0095,0.0088,0.0025,-0.0485,13,17,0.0178,169,84.0,3.4308,0.6075,4.626,2.587,2.039,0,0.0,-0.017,0.0097,0.0025,-0.0485,17,0.0169,2.0141,0.3179,2.576,1.589,0,0.0,-0.0083,0.0064,0.0005,-0.0355,7,0.0163,1.3759,0.1122,1.586,1.205,0,0.0,-0.0032,0.0011,-0.0005,-0.0065,0,0.0,3
39,2.2314,0.904,4.466,1.195,0,0.0,0.0,-0.0091,0.008,0.0025,-0.0445,17,13,0.0166,162,70.3077,3.3316,0.5725,4.466,2.552,1.914,1,2.625,-0.016,0.0085,0.0025,-0.0445,17,0.0186,1.9958,0.3143,2.54,1.568,0,0.0,-0.0082,0.0056,-0.002,-0.0315,2,0.0095,1.3667,0.1073,1.564,1.195,0,0.0,-0.0031,0.0012,-0.0005,-0.007,0,0.0,3
40,2.2587,0.907,4.473,1.202,0,0.0,0.0,-0.0091,0.0077,0.007,-0.041,24,16,0.0182,88,47.0,3.3644,0.5536,4.473,2.586,1.887,0,0.0,-0.0158,0.0088,0.007,-0.041,22,0.0194,2.0373,0.3103,2.578,1.584,0,0.0,-0.0083,0.0045,-0.002,-0.029,4,0.0169,1.3744,0.1097,1.581,1.202,0,0.0,-0.0032,0.001,0.0,-0.0065,0,0.0,3
41,2.3897,1.0285,5.24,1.228,0,0.0,0.0,-0.011,0.0144,0.0335,-0.113,14,15,0.0268,66,35.6,3.6113,0.7394,5.24,2.697,2.543,0,0.0,-0.0209,0.0209,0.0335,-0.113,20,0.0289,2.1518,0.3097,2.683,1.638,0,0.0,-0.0088,0.0048,-0.0035,-0.039,3,0.0083,1.4058,0.1167,1.633,1.228,0,0.0,-0.0034,0.0011,-0.001,-0.0075,0,0.0,3
42,2.4478,1.109,6.045,1.227,0,0.0,0.0,-0.0134,0.0201,0.0135,-0.156,3,20,0.0368,216,58.85,3.7546,0.8533,6.045,2.721,3.324,0,0.0,-0.0278,0.0291,0.0135,-0.156,19,0.0367,2.1772,0.3039,2.707,1.655,0,0.0,-0.0089,0.0063,-0.002,-0.0445,2,0.0252,1.4117,0.1196,1.647,1.227,0,0.0,-0.0035,0.0013,0.0015,-0.008,0,0.0,3
43,2.4229,1.0741,5.636,1.224,1,4.545,20.0,-0.0124,0.0195,0.0595,-0.149,7,27,0.0312,223,84.2222,3.6944,0.8069,5.636,2.678,2.958,1,4.545,-0.0251,0.0293,0.0595,-0.149,24,0.0324,2.1677,0.2848,2.669,1.644,0,0.0,-0.0086,0.0051,-0.001,-0.035,6,0.0166,1.4065,0.1171,1.64,1.224,0,0.0,-0.0035,0.0013,-0.001,-0.009,0,0.0,3
44,2.4153,1.0687,5.707,1.224,0,0.0,0.0,-0.0123,0.0199,0.098,-0.1565,6,17,0.0299,221,76.8824,3.6811,0.8035,5.707,2.656,3.051,0,0.0,-0.0249,0.0298,0.098,-0.1565,21,0.0337,2.1618,0.275,2.652,1.637,0,0.0,-0.0085,0.0068,-0.0025,-0.0555,1,0.0285,1.4029,0.1168,1.63,1.224,0,0.0,-0.0034,0.0015,0.0025,-0.0085,2,0.0055,3
45,2.3597,0.9984,5.28,1.212,0,0.0,0.0,-0.0113,0.0142,0.0025,-0.136,3,15,0.0384,233,50.2,3.5516,0.7103,5.28,2.605,2.675,0,0.0,-0.0224,0.0191,0.0025,-0.136,16,0.0337,2.1369,0.2509,2.597,1.624,0,0.0,-0.0082,0.0066,-0.002,-0.06,3,0.0225,1.3906,0.117,1.618,1.212,0,0.0,-0.0034,0.0012,-0.0015,-0.0065,0,0.0,3
46,2.3297,0.9607,5.109,1.209,0,0.0,0.0,-0.0109,0.0128,-0.001,-0.1125,1,10,0.0365,70,38.7,3.4797,0.6676,5.109,2.567,2.542,0,0.0,-0.0215,0.0171,-0.0045,-0.1125,12,0.0347,2.1216,0.2369,2.562,1.638,0,0.0,-0.0078,0.0044,-0.001,-0.035,2,0.0045,1.3879,0.1184,1.629,1.209,0,0.0,-0.0036,0.0016,-0.0015,-0.0125,0,0.0,3
47,2.3268,0.9622,5.135,1.201,0,0.0,0.0,-0.011,0.0122,-0.0005,-0.072,4,15,0.0301,156,67.4,3.4653,0.706,5.135,2.553,2.582,0,0.0,-0.0218,0.0157,-0.003,-0.072,14,0.0335,2.1209,0.2262,2.542,1.758,0,0.0,-0.0066,0.0024,-0.0015,-0.0135,4,0.0087,1.3942,0.1389,1.746,1.201,0,0.0,-0.0046,0.0035,-0.0005,-0.018,1,0.0085,3
48,2.4019,1.0191,5.17,1.211,0,0.0,0.0,-0.0106,0.0122,0.04,-0.073,13,19,0.0304,277,55.4211,3.6093,0.7626,5.17,2.624,2.546,1,5.17,-0.0201,0.0169,0.04,-0.073,19,0.0305,2.1551,0.2425,2.612,1.793,0,0.0,-0.0069,0.0023,-0.003,-0.0135,1,0.008,1.4412,0.184,1.787,1.211,0,0.0,-0.0048,0.0044,-0.001,-0.029,2,0.0157,3
49,2.5614,1.1639,6.263,1.237,0,0.0,0.0,-0.0128,0.0234,0.169,-0.1765,4,18,0.0502,99,42.8333,3.9278,0.954,6.263,2.776,3.487,0,0.0,-0.0256,0.0369,0.169,-0.1765,19,0.0486,2.2286,0.2661,2.762,1.833,0,0.0,-0.0078,0.0028,-0.002,-0.015,1,0.002,1.528,0.1937,1.829,1.237,1,1.655,-0.005,0.0052,0.002,-0.039,0,0.0,3
50,2.571,1.1499,5.707,1.238,1,5.704,7.0,-0.0124,0.0139,0.023,-0.089,8,20,0.0364,320,50.05,3.939,0.9012,5.707,2.779,2.928,1,5.704,-0.0245,0.0179,0.023,-0.089,22,0.0331,2.2338,0.2679,2.762,1.835,0,0.0,-0.0078,0.0026,-0.004,-0.014,0,0.0,1.5402,0.188,1.83,1.238,1,1.618,-0.005,0.0059,0.003,-0.046,1,0.046,3
51,2.4675,1.0334,5.549,1.234,0,0.0,0.0,-0.0121,0.0131,0.001,-0.095,0,17,0.0299,354,73.8235,3.6969,0.8177,5.549,2.653,2.896,0,0.0,-0.0246,0.0159,0.0,-0.095,18,0.0286,2.161,0.2452,2.636,1.787,0,0.0,-0.0072,0.0031,-0.0025,-0.0195,3,0.0082,1.5445,0.1337,1.784,1.234,0,0.0,-0.0046,0.0041,0.001,-0.034,1,0.034,1
52,2.478,1.045,5.697,1.371,0,0.0,0.0,-0.0121,0.0148,0.001,-0.1115,6,21,0.0348,88,41.5238,3.7164,0.844,5.697,2.689,3.008,0,0.0,-0.0254,0.0194,-0.0035,-0.1115,24,0.0329,2.1643,0.2485,2.671,1.787,0,0.0,-0.0075,0.0029,-0.002,-0.0175,0,0.0,1.5534,0.1215,1.783,1.371,0,0.0,-0.0035,0.0013,0.001,-0.0065,0,0.0,1
53,2.4922,1.047,5.33,1.366,0,0.0,0.0,-0.0108,0.0136,0.0885,-0.0835,5,17,0.0308,136,49.5294,3.747,0.8131,5.33,2.7,2.63,0,0.0,-0.0213,0.0192,0.0885,-0.0835,17,0.0349,2.1728,0.2467,2.684,1.798,0,0.0,-0.0075,0.003,-0.0015,-0.0175,3,0.007,1.557,0.1257,1.793,1.366,0,0.0,-0.0036,0.0012,0.0,-0.006,0,0.0,1
54,2.5438,1.1198,5.567,1.361,0,0.0,0.0,-0.0115,0.0147,0.0325,-0.1265,9,20,0.0301,76,46.05,3.8768,0.9019,5.567,2.732,2.835,0,0.0,-0.0231,0.0207,0.0325,-0.1265,21,0.0321,2.1948,0.2562,2.722,1.804,0,0.0,-0.0077,0.0034,-0.001,-0.018,3,0.0083,1.5599,0.1283,1.798,1.361,0,0.0,-0.0037,0.0011,-0.001,-0.007,0,0.0,1
55,2.5412,1.0946,5.385,1.359,0,0.0,0.0,-0.0101,0.0216,0.179,-0.184,10,15,0.0449,150,49.8,3.8584,0.8398,5.385,2.726,2.659,2,5.2605,-0.019,0.0355,0.179,-0.184,15,0.0458,2.2018,0.2578,2.72,1.811,0,0.0,-0.0076,0.0026,0.0005,-0.0145,5,0.0066,1.5635,0.1284,1.806,1.359,0,0.0,-0.0038,0.001,-0.0015,-0.0075,0,0.0,1
56,2.5259,1.102,5.4,1.357,1,5.4,15.0,-0.01,0.0186,0.091,-0.1365,28,19,0.0336,136,81.0,3.8483,0.8628,5.4,2.699,2.701,2,5.357,-0.0189,0.0299,0.091,-0.1365,17,0.0389,2.1785,0.2512,2.686,1.795,0,0.0,-0.0075,0.0039,0.002,-0.0215,9,0.0094,1.5509,0.1246,1.788,1.357,0,0.0,-0.0036,0.0017,0.0005,-0.009,2,0.0012,1
57,2.4473,1.0372,5.311,1.34,0,0.0,0.0,-0.0107,0.016,0.0555,-0.13,18,21,0.0284,128,63.3333,3.6814,0.8308,5.311,2.604,2.707,1,5.311,-0.0216,0.024,0.0555,-0.13,25,0.0273,2.1309,0.2392,2.594,1.767,0,0.0,-0.007,0.003,-0.0005,-0.0205,6,0.0077,1.5296,0.1215,1.758,1.34,0,0.0,-0.0035,0.0015,0.0,-0.0075,0,0.0,1
58,2.4455,1.0347,5.313,1.341,0,0.0,0.0,-0.011,0.0169,0.029,-0.174,24,15,0.0395,119,43.1333,3.6762,0.8299,5.313,2.619,2.694,0,0.0,-0.0225,0.0254,0.029,-0.174,19,0.0339,2.1292,0.2385,2.599,1.764,0,0.0,-0.007,0.0027,-0.0015,-0.018,2,0.011,1.5311,0.1243,1.762,1.341,0,0.0,-0.0035,0.0014,-0.0005,-0.0065,0,0.0,1
59,2.4185,1.0237,5.341,1.318,0,0.0,0.0,-0.0112,0.0149,0.0595,-0.0915,16,16,0.0294,79,45.25,3.6396,0.8111,5.341,2.568,2.773,1,5.061,-0.0232,0.021,0.0595,-0.0915,22,0.0302,2.1044,0.2399,2.558,1.742,0,0.0,-0.0069,0.0026,-0.0005,-0.014,0,0.0,1.5116,0.1259,1.737,1.318,0,0.0,-0.0035,0.0012,-0.001,-0.007,0,0.0,1
60,2.4581,1.1164,5.54,1.297,0,0.0,0.0,-0.0119,0.0162,0.0575,-0.098,15,20,0.0355,91,51.55,3.7864,0.909,5.54,2.59,2.95,1,5.264,-0.025,0.0226,0.0575,-0.098,21,0.0356,2.1008,0.2491,2.582,1.735,0,0.0,-0.0071,0.0028,-0.0025,-0.015,2,0.0065,1.487,0.1249,1.729,1.297,0,0.0,-0.0036,0.0014,0.0,-0.0085,0,0.0,1
61,2.4432,1.1038,5.222,1.268,2,5.18,16.5,-0.0101,0.024,0.233,-0.1505,5,22,0.0446,128,53.8636,3.7744,0.8495,5.222,2.597,2.625,2,5.18,-0.0193,0.0398,0.233,-0.1505,26,0.0408,2.0895,0.255,2.587,1.71,0,0.0,-0.0074,0.0028,-0.003,-0.0205,4,0.0091,1.4659,0.1265,1.707,1.268,0,0.0,-0.0037,0.0013,0.0015,-0.0075,0,0.0,1
62,2.6207,1.3522,6.46,1.252,1,5.042,25.0,-0.0144,0.0238,0.09,-0.1695,2,26,0.0519,120,48.3846,4.2636,1.0457,6.46,2.76,3.7,2,5.189,-0.0306,0.0358,0.09,-0.1695,32,0.0467,2.144,0.2957,2.736,1.712,0,0.0,-0.0086,0.0035,-0.003,-0.0205,2,0.0057,1.4544,0.1339,1.709,1.252,0,0.0,-0.0038,0.0014,-0.001,-0.0075,0,0.0,1
63,2.622,1.3644,6.35,1.237,1,5.224,32.0,-0.0142,0.0206,0.1315,-0.133,26,27,0.0424,217,65.2963,4.2853,1.0431,6.35,2.752,3.598,1,5.224,-0.0301,0.0294,0.1315,-0.133,28,0.0454,2.1368,0.2986,2.741,1.698,0,0.0,-0.0087,0.0037,-0.0005,-0.024,8,0.0125,1.4438,0.1331,1.696,1.237,0,0.0,-0.0038,0.0019,0.0005,-0.011,0,0.0,1
64,2.5442,1.2809,5.912,1.23,2,4.954,26.5,-0.013,0.0192,0.1145,-0.128,22,28,0.0332,223,78.75,4.108,0.9675,5.912,2.668,3.244,2,4.954,-0.0271,0.028,0.1145,-0.128,24,0.0398,2.0948,0.283,2.661,1.677,0,0.0,-0.0082,0.0031,-0.0015,-0.0165,4,0.008,1.4299,0.1287,1.676,1.23,0,0.0,-0.0037,0.0017,0.0,-0.008,2,0.0015,1
65,2.3283,1.0695,4.92,1.205,3,4.7523,12.0,-0.0103,0.0139,0.051,-0.074,3,23,0.0327,85,44.087,3.6213,0.8239,4.92,2.461,2.459,4,4.7778,-0.0206,0.0201,0.051,-0.074,24,0.0328,1.9759,0.2414,2.451,1.611,0,0.0,-0.0071,0.0027,-0.001,-0.0135,2,0.0088,1.3877,0.117,1.608,1.205,0,0.0,-0.0034,0.0014,0.0,-0.009,1,0.009,1
66,2.2278,0.977,4.769,1.194,0,0.0,0.0,-0.0095,0.011,0.0285,-0.0535,16,12,0.0268,146,51.3333,3.3969,0.7744,4.769,2.366,2.403,1,4.769,-0.0189,0.0146,0.0285,-0.0535,13,0.0292,1.9185,0.2221,2.361,1.585,0,0.0,-0.0065,0.0028,0.0,-0.0145,5,0.0099,1.3679,0.1116,1.579,1.194,0,0.0,-0.0032,0.0015,0.001,-0.0075,1,0.0,1
67,2.1442,0.8914,4.618,1.182,0,0.0,0.0,-0.0094,0.0124,0.05,-0.074,9,13,0.0276,56,37.2308,3.2097,0.6993,4.618,2.27,2.348,0,0.0,-0.0193,0.0176,0.05,-0.074,14,0.0274,1.8736,0.2058,2.263,1.558,0,0.0,-0.0059,0.0021,-0.0015,-0.0125,0,0.0,1.3492,0.1077,1.552,1.182,0,0.0,-0.0031,0.0012,-0.0005,-0.0075,0,0.0,1
68,2.1353,0.8859,4.519,1.174,0,0.0,0.0,-0.0093,0.0109,0.0125,-0.079,6,18,0.0315,49,27.3889,3.2001,0.6811,4.519,2.292,2.227,0,0.0,-0.0186,0.0146,0.0125,-0.079,20,0.0305,1.863,0.2068,2.287,1.551,0,0.0,-0.0062,0.0024,-0.001,-0.0155,2,0.007,1.3427,0.109,1.547,1.174,0,0.0,-0.0031,0.0011,0.0005,-0.006,0,0.0,1
69,2.2078,0.9517,4.648,1.2,0,0.0,0.0,-0.0094,0.0123,0.026,-0.1075,35,16,0.0336,160,54.25,3.3525,0.7361,4.648,2.35,2.298,1,4.648,-0.0186,0.0178,0.026,-0.1075,17,0.0332,1.9075,0.2233,2.345,1.569,0,0.0,-0.0065,0.0026,0.0,-0.014,2,0.0063,1.3633,0.1101,1.565,1.2,0,0.0,-0.003,0.0015,0.001,-0.0075,0,0.0,1
70,2.2942,1.002,4.559,1.209,3,4.443,17.3333,-0.0094,0.015,0.055,-0.1335,26,22,0.0291,76,51.4545,3.5203,0.7173,4.559,2.474,2.085,4,4.4685,-0.0176,0.0236,0.055,-0.1335,28,0.0269,1.9727,0.2432,2.465,1.615,0,0.0,-0.0071,0.003,-0.0005,-0.0155,4,0.005,1.3897,0.1167,1.611,1.209,0,0.0,-0.0034,0.0017,0.0005,-0.009,0,0.0,1
71,2.2841,0.9953,4.576,1.207,2,4.3995,16.5,-0.0093,0.0145,0.0715,-0.1,25,22,0.0346,223,65.6818,3.5027,0.713,4.576,2.452,2.124,3,4.4107,-0.0175,0.0226,0.0715,-0.1,22,0.0365,1.9629,0.2382,2.447,1.614,0,0.0,-0.007,0.0032,0.0025,-0.015,6,0.0077,1.3868,0.1153,1.612,1.207,0,0.0,-0.0034,0.0018,0.0015,-0.0105,0,0.0,1
72,2.1575,0.8774,4.331,1.197,0,0.0,0.0,-0.0086,0.0092,0.0245,-0.061,13,18,0.0217,95,62.3889,3.2234,0.6417,4.331,2.32,2.011,0,0.0,-0.0165,0.0122,0.0245,-0.061,19,0.0221,1.8868,0.2102,2.307,1.572,0,0.0,-0.0062,0.0024,-0.0005,-0.0125,3,0.0077,1.3622,0.1076,1.566,1.197,0,0.0,-0.0031,0.0018,0.001,-0.009,3,0.0028,1
73,2.0945,0.8268,4.274,1.182,0,0.0,0.0,-0.0085,0.0103,0.026,-0.0685,5,15,0.0277,63,38.8667,3.0977,0.6061,4.274,2.244,2.03,1,4.04,-0.0166,0.0145,0.026,-0.0685,20,0.0268,1.8417,0.1987,2.237,1.54,0,0.0,-0.0058,0.002,-0.001,-0.012,0,0.0,1.3442,0.1034,1.539,1.182,0,0.0,-0.003,0.0011,-0.0005,-0.0065,0,0.0,1
74,2.1208,0.8613,4.281,1.178,0,0.0,0.0,-0.0079,0.0121,0.072,-0.0895,12,16,0.0331,61,38.125,3.1698,0.6244,4.281,2.275,2.006,1,4.157,-0.0146,0.019,0.072,-0.0895,18,0.0319,1.8519,0.2088,2.273,1.54,0,0.0,-0.0061,0.0023,-0.003,-0.014,1,0.014,1.3408,0.1044,1.538,1.178,0,0.0,-0.003,0.0009,-0.0005,-0.006,0,0.0,1
75,2.2012,0.9281,4.491,1.188,2,4.1665,16.0,-0.0083,0.0177,0.1495,-0.191,7,16,0.0404,92,41.8125,3.3398,0.655,4.491,2.356,2.135,2,4.1665,-0.0153,0.0292,0.1495,-0.191,20,0.0351,1.9034,0.2257,2.346,1.576,0,0.0,-0.0065,0.0022,-0.0025,-0.012,0,0.0,1.3605,0.11,1.569,1.188,0,0.0,-0.0032,0.0012,0.0,-0.0075,0,0.0,1
76,2.2397,0.931,4.453,1.208,0,0.0,0.0,-0.0091,0.0105,0.0185,-0.0615,2,16,0.0206,77,56.25,3.3933,0.6127,4.453,2.432,2.021,2,4.045,-0.0171,0.0148,0.0185,-0.0615,20,0.02,1.9453,0.2366,2.42,1.595,0,0.0,-0.0069,0.0024,-0.002,-0.0155,0,0.0,1.3804,0.1135,1.591,1.208,0,0.0,-0.0032,0.0012,0.0,-0.007,0,0.0,1
77,2.2157,0.8993,4.245,1.199,1,3.877,21.0,-0.0084,0.0113,0.049,-0.0815,35,27,0.0253,129,64.2593,3.3339,0.5695,4.245,2.444,1.801,2,3.932,-0.0149,0.0174,0.049,-0.0815,30,0.0244,1.9381,0.2363,2.431,1.588,0,0.0,-0.0071,0.0032,-0.002,-0.0205,4,0.0107,1.3752,0.1117,1.585,1.199,0,0.0,-0.0032,0.0012,-0.0005,-0.007,0,0.0,1
78,2.1914,0.8761,4.167,1.199,3,3.9027,21.0,-0.0083,0.0103,0.0485,-0.095,16,25,0.0202,148,65.12,3.2783,0.5578,4.167,2.399,1.768,3,3.9027,-0.0148,0.0154,0.0485,-0.095,23,0.0217,1.9253,0.2316,2.386,1.584,0,0.0,-0.0068,0.0028,-0.001,-0.018,7,0.0084,1.3706,0.1102,1.578,1.199,0,0.0,-0.0032,0.0012,-0.0005,-0.0065,1,0.0065,1
79,2.1007,0.797,3.79,1.174,3,3.6243,25.3333,-0.007,0.009,0.0475,-0.0555,36,24,0.0198,166,44.6667,3.0907,0.4822,3.79,2.333,1.457,6,3.6332,-0.0113,0.014,0.0475,-0.0555,29,0.0192,1.8725,0.2226,2.323,1.54,0,0.0,-0.0066,0.0027,-0.0005,-0.0155,3,0.009,1.3387,0.1037,1.538,1.174,0,0.0,-0.003,0.0012,0.0005,-0.0085,0,0.0,1
80,2.1075,0.7895,3.767,1.18,0,0.0,0.0,-0.0071,0.0075,0.0295,-0.0425,38,18,0.0159,81,49.1667,3.0907,0.4627,3.767,2.329,1.438,0,0.0,-0.0117,0.0113,0.0295,-0.0425,20,0.0154,1.8856,0.2219,2.32,1.553,0,0.0,-0.0064,0.0022,-0.003,-0.014,1,0.003,1.3464,0.106,1.548,1.18,0,0.0,-0.0031,0.0009,-0.001,-0.005,0,0.0,1
81,2.2391,0.8785,4.304,1.212,2,3.8555,17.5,-0.0083,0.0122,0.085,-0.06,34,12,0.0344,159,59.25,3.3372,0.5027,4.304,2.504,1.8,3,3.783,-0.0143,0.0194,0.085,-0.06,12,0.0346,1.99,0.2456,2.493,1.623,0,0.0,-0.0073,0.0029,-0.002,-0.018,2,0.0098,1.3903,0.1175,1.617,1.212,0,0.0,-0.0034,0.0011,-0.0015,-0.007,0,0.0,1
82,2.3066,0.9165,4.397,1.224,0,0.0,0.0,-0.0089,0.0087,0.0165,-0.0485,74,28,0.0208,129,56.4286,3.4542,0.5059,4.397,2.596,1.801,3,3.5663,-0.0152,0.0122,0.0165,-0.0485,29,0.0201,2.0507,0.2648,2.582,1.659,0,0.0,-0.0078,0.0028,-0.003,-0.0185,2,0.0152,1.4148,0.1254,1.654,1.224,0,0.0,-0.0036,0.0012,-0.0015,-0.0065,0,0.0,1
83,2.2743,0.8855,4.342,1.223,2,3.4935,52.5,-0.0087,0.0095,0.027,-0.0605,69,26,0.0233,115,51.0385,3.3811,0.489,4.342,2.56,1.782,3,3.49,-0.0149,0.0139,0.027,-0.0605,29,0.0223,2.0319,0.2592,2.552,1.645,0,0.0,-0.0076,0.0036,0.0005,-0.0215,7,0.009,1.4099,0.1233,1.643,1.223,0,0.0,-0.0035,0.0011,-0.002,-0.007,0,0.0,1
84,2.2465,0.8588,4.271,1.217,0,0.0,0.0,-0.0085,0.0097,0.032,-0.0655,61,18,0.0248,185,61.1111,3.3186,0.4739,4.271,2.504,1.767,2,3.4035,-0.0149,0.0144,0.032,-0.0655,22,0.0251,2.0154,0.2508,2.495,1.639,0,0.0,-0.0072,0.0025,-0.001,-0.013,2,0.0058,1.4054,0.1209,1.634,1.217,0,0.0,-0.0035,0.0011,-0.001,-0.0075,0,0.0,1
85,2.1808,0.7981,4.144,1.205,3,3.1857,56.3333,-0.0082,0.0097,0.021,-0.059,3,15,0.0235,85,45.0,3.1751,0.4285,4.144,2.441,1.703,4,3.1797,-0.0144,0.0145,0.021,-0.059,20,0.0225,1.9777,0.2396,2.43,1.619,0,0.0,-0.0068,0.0029,-0.0005,-0.0195,2,0.0123,1.3896,0.1188,1.615,1.205,0,0.0,-0.0034,0.0011,-0.0015,-0.007,0,0.0,1
86,2.2503,0.8546,4.469,1.217,0,0.0,0.0,-0.009,0.0102,0.0225,-0.072,8,15,0.0245,79,36.8667,3.313,0.474,4.469,2.549,1.92,2,3.201,-0.016,0.0149,0.0225,-0.072,21,0.0242,2.0281,0.2566,2.539,1.648,0,0.0,-0.0075,0.0023,-0.0035,-0.0145,0,0.0,1.4099,0.1252,1.644,1.217,0,0.0,-0.0036,0.001,-0.001,-0.006,0,0.0,1
87,2.2826,0.8614,4.29,1.231,1,3.085,64.0,-0.0085,0.0086,0.02,-0.037,20,19,0.0175,90,56.6842,3.3521,0.4682,4.29,2.616,1.674,2,3.1305,-0.014,0.0126,0.02,-0.037,19,0.0189,2.0681,0.2651,2.607,1.668,0,0.0,-0.0079,0.003,-0.0025,-0.02,4,0.0094,1.4277,0.1267,1.662,1.231,0,0.0,-0.0036,0.0012,0.0,-0.007,1,0.0,2
88,2.2388,0.8159,4.226,1.23,2,3.0215,83.0,-0.0083,0.0093,0.019,-0.055,18,21,0.0235,124,69.5714,3.2422,0.455,4.226,2.587,1.639,3,2.989,-0.0138,0.0141,0.019,-0.055,23,0.0225,2.0511,0.2601,2.576,1.664,0,0.0,-0.0077,0.0028,-0.0025,-0.0175,4,0.0105,1.4231,0.1236,1.658,1.23,0,0.0,-0.0036,0.0014,0.0,-0.0075,0,0.0,2
89,2.2086,0.7851,4.144,1.229,3,2.884,77.3333,-0.0081,0.0093,0.0265,-0.052,13,24,0.0211,100,55.0417,3.1711,0.4331,4.144,2.574,1.57,3,2.884,-0.0131,0.0141,0.0265,-0.052,26,0.0204,2.0372,0.2562,2.566,1.651,0,0.0,-0.0077,0.0032,0.0005,-0.017,0,0.0,1.4176,0.121,1.647,1.229,0,0.0,-0.0035,0.0011,-0.001,-0.006,0,0.0,2
90,2.1978,0.7726,4.109,1.23,1,2.896,86.0,-0.008,0.0081,0.021,-0.0565,9,17,0.0184,93,45.4706,3.1421,0.4227,4.109,2.573,1.536,2,2.8425,-0.0129,0.0121,0.021,-0.0565,22,0.0172,2.0354,0.2597,2.566,1.654,0,0.0,-0.0076,0.0029,-0.003,-0.015,2,0.005,1.4157,0.121,1.651,1.23,0,0.0,-0.0035,0.0011,-0.0015,-0.0065,0,0.0,2
91,2.2343,0.8061,4.168,1.23,1,2.736,83.0,-0.0082,0.0078,0.0155,-0.0425,51,31,0.0149,126,70.3548,3.206,0.4805,4.168,2.62,1.548,2,2.7795,-0.0129,0.0112,0.0155,-0.0425,30,0.0154,2.0734,0.2738,2.608,1.667,0,0.0,-0.0079,0.0032,0.002,-0.024,4,0.0101,1.4235,0.1263,1.663,1.23,0,0.0,-0.0036,0.0011,-0.001,-0.007,0,0.0,2
92,2.4324,0.9793,5.135,1.278,2,2.7155,115.0,-0.0105,0.0133,0.0205,-0.095,20,22,0.0265,145,63.7273,3.5703,0.7395,5.135,2.67,2.465,1,2.67,-0.0191,0.0197,0.0205,-0.095,17,0.0318,2.2338,0.307,2.761,1.763,0,0.0,-0.0082,0.0045,0.007,-0.028,8,0.0066,1.4932,0.1392,1.759,1.278,0,0.0,-0.004,0.0012,-0.002,-0.0075,0,0.0,2
93,2.5013,1.0473,5.107,1.281,2,3.8725,63.0,-0.0104,0.013,0.0315,-0.0765,17,29,0.023,164,68.2414,3.7256,0.7978,5.107,2.638,2.469,1,5.107,-0.0194,0.0181,0.0315,-0.0765,28,0.0238,2.2718,0.3031,2.725,1.792,1,2.725,-0.0074,0.0065,0.011,-0.034,10,0.0092,1.5065,0.1455,1.785,1.281,0,0.0,-0.0042,0.0015,-0.0005,-0.0095,0,0.0,2
94,2.4782,1.0277,5.158,1.291,1,2.563,119.0,-0.0108,0.0122,0.019,-0.0785,19,31,0.0197,176,83.9677,3.6788,0.7897,5.158,2.563,2.595,0,0.0,-0.0217,0.0148,0.012,-0.0785,24,0.0229,2.2519,0.2857,2.662,1.784,1,2.662,-0.0067,0.0066,0.019,-0.027,10,0.0121,1.5038,0.1461,1.778,1.291,0,0.0,-0.0041,0.0015,0.0015,-0.0075,0,0.0,2
95,2.3865,0.9385,4.825,1.272,1,2.519,120.0,-0.0099,0.0124,0.0495,-0.072,119,32,0.023,169,83.3125,3.4762,0.7177,4.825,2.527,2.298,2,3.632,-0.0193,0.0166,0.0495,-0.072,25,0.0259,2.1961,0.2745,2.612,1.762,2,2.5545,-0.0064,0.0069,0.012,-0.03,12,0.0107,1.4872,0.1391,1.752,1.272,0,0.0,-0.0041,0.0018,-0.001,-0.0115,1,0.0115,2
96,2.3466,0.9001,4.634,1.273,1,2.488,126.0,-0.0094,0.01,0.0205,-0.047,69,26,0.0153,147,99.1538,3.3933,0.6798,4.634,2.497,2.137,1,2.497,-0.0176,0.0119,0.0205,-0.047,19,0.0159,2.1683,0.2609,2.535,1.741,3,2.514,-0.0065,0.007,0.0185,-0.033,12,0.0113,1.4781,0.137,1.738,1.273,0,0.0,-0.0039,0.0016,0.0015,-0.009,1,0.0015,2
97,2.3448,0.9031,4.974,1.271,0,0.0,0.0,-0.0104,0.0124,0.0105,-0.096,0,24,0.0267,168,61.6667,3.3974,0.6949,4.974,2.46,2.514,0,0.0,-0.0214,0.0156,0.0075,-0.096,24,0.0256,2.1558,0.2339,2.451,1.755,4,2.427,-0.0058,0.0055,0.0105,-0.027,4,0.0159,1.481,0.1389,1.746,1.271,0,0.0,-0.004,0.0012,-0.001,-0.0075,0,0.0,2
98,2.372,0.939,4.831,1.262,1,4.831,5.0,-0.0097,0.011,0.0255,-0.0835,21,29,0.0215,190,73.3103,3.4737,0.7279,4.831,2.449,2.382,1,4.831,-0.0193,0.0139,0.0255,-0.0835,23,0.0237,2.158,0.2174,2.445,1.759,3,2.385,-0.0058,0.0054,0.013,-0.0165,7,0.011,1.4843,0.1434,1.753,1.262,0,0.0,-0.0041,0.0011,-0.0015,-0.0075,0,0.0,2
99,2.479,1.0181,4.805,1.298,0,0.0,0.0,-0.0092,0.0109,0.0285,-0.057,35,29,0.0187,201,82.5862,3.7081,0.75,4.805,2.586,2.219,1,4.805,-0.017,0.0154,0.0285,-0.057,28,0.02,2.1971,0.1906,2.577,1.833,3,2.266,-0.0063,0.0048,0.005,-0.0155,10,0.0094,1.5318,0.1539,1.825,1.298,0,0.0,-0.0044,0.0014,-0.001,-0.008,0,0.0,2
100,2.4829,0.9898,4.613,1.304,1,4.11,9.0,-0.0088,0.0179,0.144,-0.1055,14,33,0.0277,199,77.697,3.7056,0.6455,4.613,2.637,1.976,3,4.3467,-0.0155,0.0294,0.144,-0.1055,29,0.032,2.201,0.1944,2.628,1.859,2,2.2005,-0.0065,0.0055,0.01,-0.0205,13,0.012,1.542,0.1592,1.853,1.304,0,0.0,-0.0046,0.0015,-0.001,-0.0095,0,0.0,2
101,2.3825,0.9196,4.468,1.284,4,3.2355,96.0,-0.0081,0.0121,0.0535,-0.0785,25,36,0.0198,209,97.4444,3.5086,0.6303,4.468,2.532,1.936,3,4.3363,-0.0141,0.0188,0.0535,-0.0785,29,0.0234,2.124,0.1714,2.52,1.81,3,2.1107,-0.006,0.0056,0.0105,-0.0205,15,0.0102,1.515,0.152,1.802,1.284,0,0.0,-0.0044,0.0016,-0.001,-0.0095,2,0.001,2
102,2.3319,0.8925,4.407,1.27,2,3.258,100.0,-0.0088,0.01,0.0295,-0.0595,20,30,0.0168,211,112.5333,3.4163,0.6392,4.407,2.458,1.949,2,4.3595,-0.0164,0.0128,0.0185,-0.0595,24,0.0203,2.0806,0.1614,2.447,1.791,4,2.075,-0.0056,0.0067,0.0295,-0.0345,15,0.0115,1.4987,0.1476,1.776,1.27,0,0.0,-0.0043,0.0016,0.0005,-0.0095,0,0.0,2
103,2.2331,0.8209,4.39,1.259,1,1.979,168.0,-0.0087,0.009,0.015,-0.045,26,24,0.0161,188,93.75,3.2172,0.6221,4.39,2.338,2.052,0,0.0,-0.017,0.0106,0.01,-0.045,23,0.02,2.0067,0.1444,2.33,1.751,4,2.0037,-0.0049,0.005,0.015,-0.016,9,0.0092,1.4754,0.1406,1.741,1.259,0,0.0,-0.0041,0.0013,-0.0005,-0.0075,0,0.0,2
104,2.1802,0.7736,4.152,1.253,1,3.867,16.0,-0.0081,0.0084,0.017,-0.0485,21,17,0.0134,172,85.8235,3.1166,0.5671,4.152,2.309,1.843,1,3.867,-0.0154,0.01,0.017,-0.0485,23,0.0152,1.9573,0.1405,2.3,1.733,2,1.909,-0.0048,0.0051,0.0085,-0.0205,5,0.0115,1.4669,0.1372,1.729,1.253,0,0.0,-0.004,0.0016,-0.001,-0.0115,0,0.0,2
105,2.2937,0.8566,4.131,1.306,2,4.0445,21.0,-0.0076,0.0098,0.032,-0.0585,32,17,0.0171,260,107.4706,3.3628,0.5605,4.131,2.477,1.654,3,4.0573,-0.013,0.0145,0.032,-0.0585,19,0.0189,1.988,0.2201,2.474,1.739,3,1.754,-0.0059,0.005,0.007,-0.0235,6,0.0112,1.5302,0.1391,1.765,1.306,0,0.0,-0.0039,0.0021,0.0035,-0.012,5,0.0063,2
106,2.3477,0.9034,4.165,1.314,2,4.148,27.5,-0.0072,0.0109,0.042,-0.0685,42,24,0.017,167,85.5833,3.4905,0.5384,4.165,2.559,1.606,3,4.1083,-0.0114,0.017,0.042,-0.0685,17,0.0211,2.0164,0.2575,2.541,1.695,1,1.695,-0.0069,0.0054,0.0055,-0.0215,6,0.0077,1.5364,0.1351,1.741,1.314,1,1.741,-0.0034,0.0025,0.004,-0.011,3,0.0023,2
107,2.3009,0.878,4.104,1.308,4,3.3863,73.0,-0.0069,0.0121,0.052,-0.05,20,33,0.0203,267,95.8788,3.4097,0.5294,4.104,2.52,1.584,4,3.9985,-0.0106,0.0194,0.052,-0.05,25,0.0257,1.979,0.2582,2.514,1.606,0,0.0,-0.0075,0.0049,0.0085,-0.022,17,0.0112,1.514,0.1163,1.676,1.308,1,1.676,-0.0026,0.003,0.0075,-0.011,4,0.0041,2
108,2.2662,0.852,4.064,1.307,3,3.1077,88.6667,-0.0066,0.0144,0.086,-0.0655,24,26,0.0254,288,94.8846,3.3413,0.5154,4.064,2.487,1.577,3,3.9353,-0.0102,0.0235,0.086,-0.0655,28,0.0283,1.9577,0.2493,2.457,1.586,0,0.0,-0.0074,0.0045,0.004,-0.022,11,0.0096,1.4996,0.1056,1.648,1.307,2,1.6165,-0.0023,0.0048,0.031,-0.025,5,0.0098,2
109,2.1874,0.8093,3.943,1.296,1,3.692,12.0,-0.0068,0.01,0.0465,-0.052,33,27,0.0201,151,72.5556,3.2021,0.5128,3.943,2.389,1.554,2,3.8175,-0.0112,0.0153,0.0465,-0.052,21,0.0229,1.8981,0.2352,2.382,1.557,0,0.0,-0.0069,0.0034,0.0,-0.0185,9,0.0096,1.4621,0.0858,1.58,1.296,2,1.546,-0.0022,0.0032,0.0085,-0.0085,3,0.0047,2
110,2.0916,0.742,3.763,1.272,3,3.4867,21.3333,-0.0064,0.0144,0.09,-0.072,13,19,0.0271,201,59.2105,3.0234,0.4577,3.763,2.281,1.482,3,3.4867,-0.0109,0.0238,0.09,-0.072,21,0.0257,1.8368,0.2153,2.268,1.508,0,0.0,-0.0064,0.0029,-0.0005,-0.017,4,0.0094,1.4145,0.0652,1.504,1.272,2,1.461,-0.002,0.003,0.007,-0.008,0,0.0,2
111,2.0772,0.7409,3.72,1.275,0,0.0,0.0,-0.0053,0.0112,0.06,-0.047,1,19,0.0166,151,70.5263,3.0093,0.4436,3.72,2.269,1.451,2,3.5275,-0.0078,0.0184,0.06,-0.047,23,0.016,1.8325,0.2142,2.26,1.508,0,0.0,-0.0063,0.0031,0.0025,-0.016,4,0.007,1.3897,0.0537,1.504,1.275,3,1.4137,-0.0019,0.0028,0.0055,-0.0075,0,0.0,2
112,2.0961,0.786,3.618,1.256,2,3.563,25.5,-0.0063,0.0076,0.0235,-0.041,38,14,0.0144,43,37.2143,3.0867,0.4387,3.618,2.327,1.291,3,3.5723,-0.01,0.0113,0.0235,-0.041,15,0.0147,1.8579,0.2276,2.319,1.521,0,0.0,-0.0067,0.0027,-0.002,-0.014,1,0.0025,1.3439,0.0718,1.517,1.256,2,1.2995,-0.0022,0.0027,0.005,-0.008,1,0.0005,1
113,2.1375,0.8081,3.578,1.175,1,3.383,24.0,-0.006,0.0102,0.049,-0.0435,37,24,0.0184,86,47.1667,3.1604,0.3576,3.578,2.472,1.106,4,3.4385,-0.0077,0.0168,0.049,-0.0435,25,0.0184,1.9293,0.2544,2.436,1.547,0,0.0,-0.0076,0.0033,-0.0005,-0.022,4,0.0048,1.3226,0.113,1.541,1.175,1,1.175,-0.0028,0.0024,0.0045,-0.0075,0,0.0,1
114,2.1294,0.8066,3.589,1.133,3,3.467,24.6667,-0.0064,0.0099,0.0375,-0.0585,49,25,0.0193,88,50.4,3.1502,0.3557,3.589,2.453,1.136,4,3.4515,-0.0082,0.0164,0.0375,-0.0585,24,0.0201,1.9227,0.2527,2.441,1.542,0,0.0,-0.0076,0.0033,-0.0015,-0.016,4,0.0103,1.3152,0.1179,1.537,1.133,0,0.0,-0.0034,0.0013,-0.0005,-0.0075,0,0.0,1
115,2.0574,0.7667,3.482,1.117,2,3.4015,16.5,-0.0058,0.0094,0.0615,-0.041,12,24,0.0193,143,71.25,3.0237,0.3696,3.482,2.339,1.143,5,3.4058,-0.0073,0.0154,0.0615,-0.041,22,0.02,1.8571,0.2311,2.311,1.512,0,0.0,-0.0068,0.0038,0.0,-0.0265,5,0.0083,1.2914,0.1125,1.508,1.117,0,0.0,-0.0033,0.0011,-0.0005,-0.006,0,0.0,1
116,2.0273,0.7533,3.45,1.107,2,3.2905,15.5,-0.0059,0.0083,0.038,-0.0415,52,20,0.017,177,58.7,2.9736,0.3813,3.45,2.284,1.166,3,3.3437,-0.008,0.0135,0.038,-0.0415,20,0.0174,1.8293,0.2235,2.273,1.494,0,0.0,-0.0066,0.0031,0.0,-0.017,5,0.0093,1.279,0.1107,1.49,1.107,0,0.0,-0.0032,0.0015,0.0005,-0.007,0,0.0,1
117,1.9299,0.6857,3.304,1.088,1,3.168,9.0,-0.0055,0.0075,0.041,-0.033,17,13,0.0185,185,70.2308,2.7853,0.3682,3.304,2.151,1.153,2,3.236,-0.0077,0.0121,0.041,-0.033,16,0.019,1.7552,0.1985,2.14,1.439,0,0.0,-0.0059,0.003,0.001,-0.014,4,0.0093,1.2494,0.1009,1.438,1.088,0,0.0,-0.0029,0.0014,0.0005,-0.007,0,0.0,1
118,1.8618,0.6447,3.184,1.077,1,2.917,9.0,-0.0056,0.0079,0.042,-0.0395,13,14,0.0206,75,56.2857,2.6639,0.3573,3.184,2.072,1.112,2,3.0505,-0.0086,0.0129,0.042,-0.0395,16,0.0224,1.6949,0.1874,2.06,1.418,0,0.0,-0.0054,0.0024,-0.0015,-0.014,2,0.0017,1.2265,0.0967,1.412,1.077,0,0.0,-0.0028,0.0011,0.0,-0.0065,0,0.0,1
119,1.8347,0.6153,3.115,1.076,1,3.115,24.0,-0.005,0.0068,0.029,-0.0375,25,10,0.0157,140,54.5,2.5989,0.3328,3.115,2.051,1.064,1,3.115,-0.0069,0.0111,0.029,-0.0375,11,0.0154,1.6826,0.185,2.047,1.406,0,0.0,-0.0054,0.0026,0.0005,-0.0125,4,0.0076,1.2225,0.0954,1.402,1.076,0,0.0,-0.0027,0.0009,-0.0005,-0.006,0,0.0,1
120,1.8312,0.5978,3.129,1.089,1,3.129,22.0,-0.0049,0.0076,0.04,-0.037,13,13,0.0183,133,56.8462,2.5707,0.3334,3.129,2.025,1.104,1,3.129,-0.007,0.0125,0.04,-0.037,16,0.0183,1.6862,0.1757,2.014,1.419,0,0.0,-0.005,0.0025,0.0035,-0.016,3,0.0097,1.2368,0.0938,1.417,1.089,0,0.0,-0.0028,0.001,-0.0005,-0.007,0,0.0,1
121,1.861,0.5992,3.058,1.102,0,0.0,0.0,-0.0049,0.0066,0.0295,-0.033,32,8,0.0099,138,78.125,2.6067,0.3055,3.058,2.071,0.987,2,2.9455,-0.0066,0.0107,0.0295,-0.033,10,0.0109,1.7199,0.182,2.064,1.44,0,0.0,-0.0052,0.0028,0.001,-0.019,7,0.0091,1.2564,0.0961,1.436,1.102,0,0.0,-0.0028,0.001,0.002,-0.006,1,0.002,1
122,1.9093,0.5938,3.059,1.142,1,2.775,8.0,-0.0047,0.0076,0.0325,-0.034,53,19,0.0144,97,69.8947,2.6522,0.263,3.059,2.143,0.916,3,2.8643,-0.0059,0.0126,0.0325,-0.034,17,0.017,1.7783,0.1873,2.138,1.497,0,0.0,-0.0054,0.0026,0.002,-0.0125,3,0.0008,1.2975,0.1004,1.491,1.142,0,0.0,-0.0029,0.0011,0.0015,-0.0055,0,0.0,1
123,1.9227,0.5779,3.049,1.167,5,2.863,23.4,-0.0042,0.008,0.032,-0.036,51,13,0.0174,75,41.6154,2.6459,0.2407,3.049,2.172,0.877,5,2.863,-0.0043,0.0134,0.032,-0.036,18,0.0143,1.8006,0.1854,2.161,1.525,0,0.0,-0.0054,0.0025,0.0,-0.0135,0,0.0,1.3217,0.1022,1.519,1.167,0,0.0,-0.003,0.0011,0.0,-0.006,0,0.0,1
124,1.9227,0.5643,2.99,1.173,0,0.0,0.0,-0.0043,0.0082,0.051,-0.037,28,22,0.0145,81,56.2273,2.6277,0.226,2.99,2.179,0.811,3,2.8023,-0.0046,0.0138,0.051,-0.037,23,0.0159,1.8088,0.1856,2.17,1.525,0,0.0,-0.0054,0.0025,0.001,-0.0115,3,0.0023,1.3318,0.1029,1.522,1.173,0,0.0,-0.0029,0.0009,-0.001,-0.0055,0,0.0,1
125,1.9284,0.5561,3.027,1.186,2,2.704,13.0,-0.0041,0.0093,0.0425,-0.043,54,24,0.0136,90,67.0833,2.6234,0.2115,3.027,2.191,0.836,3,2.8117,-0.0039,0.0157,0.0425,-0.043,26,0.0158,1.819,0.1845,2.182,1.536,0,0.0,-0.0054,0.0024,0.0035,-0.0115,5,0.0016,1.3426,0.1044,1.531,1.186,0,0.0,-0.0029,0.0011,0.0,-0.007,0,0.0,1
126,1.9221,0.5425,2.944,1.177,4,2.708,23.25,-0.0039,0.0091,0.0375,-0.046,17,24,0.0146,185,68.375,2.5984,0.1925,2.944,2.193,0.751,6,2.7017,-0.0034,0.0154,0.0375,-0.046,23,0.0149,1.8241,0.1836,2.185,1.538,0,0.0,-0.0054,0.0024,0.0015,-0.0135,3,0.009,1.3438,0.1044,1.533,1.177,0,0.0,-0.003,0.001,-0.0005,-0.006,0,0.0,1
127,1.8982,0.5203,2.875,1.171,1,2.532,29.0,-0.0038,0.0084,0.0535,-0.0305,39,15,0.0177,87,35.6667,2.5439,0.1777,2.875,2.178,0.697,6,2.6143,-0.003,0.0142,0.0535,-0.0305,15,0.0177,1.8121,0.1799,2.162,1.534,0,0.0,-0.0053,0.0026,0.0,-0.014,0,0.0,1.3387,0.1036,1.53,1.171,0,0.0,-0.003,0.001,0.0,-0.0065,0,0.0,1
128,1.8982,0.5155,2.793,1.177,1,2.517,28.0,-0.0036,0.0072,0.0405,-0.0285,7,19,0.0124,109,59.7368,2.5381,0.1512,2.793,2.206,0.587,5,2.6024,-0.0024,0.0119,0.0405,-0.0285,21,0.0127,1.818,0.1876,2.194,1.537,0,0.0,-0.0055,0.0022,-0.001,-0.0125,2,0.007,1.3387,0.1012,1.533,1.177,0,0.0,-0.003,0.0013,0.001,-0.007,0,0.0,1
129,1.9254,0.5179,2.764,1.19,1,2.603,17.0,-0.0039,0.0056,0.018,-0.024,71,5,0.009,237,86.4,2.5646,0.1277,2.764,2.247,0.517,7,2.6123,-0.0029,0.009,0.018,-0.024,6,0.0105,1.8572,0.1955,2.237,1.557,0,0.0,-0.0057,0.002,-0.002,-0.0115,1,0.0105,1.3543,0.1041,1.549,1.19,0,0.0,-0.003,0.0016,0.0015,-0.007,1,0.0015,1
130,1.9494,0.4993,2.748,1.212,0,0.0,0.0,-0.003,0.0067,0.031,-0.0295,2,12,0.0102,107,55.0,2.5463,0.1063,2.748,2.315,0.433,7,2.5901,0.0006,0.0101,0.031,-0.0295,15,0.0088,1.9181,0.2169,2.367,1.597,0,0.0,-0.0065,0.0025,-0.002,-0.014,0,0.0,1.3838,0.1111,1.591,1.212,0,0.0,-0.0032,0.0011,-0.001,-0.007,0,0.0,1
131,1.9706,0.4768,2.7,1.232,2,2.3825,30.5,-0.0029,0.0062,0.02,-0.021,100,12,0.0103,115,72.3333,2.5037,0.1206,2.7,2.284,0.416,4,2.4533,0.0016,0.0083,0.02,-0.021,17,0.0096,1.9954,0.24,2.468,1.636,0,0.0,-0.007,0.0027,-0.001,-0.015,3,0.0055,1.4126,0.1167,1.631,1.232,0,0.0,-0.0034,0.001,-0.0015,-0.0055,0,0.0,1
132,1.9331,0.4519,2.623,1.224,4,2.3165,37.0,-0.0028,0.0077,0.0545,-0.0235,42,24,0.0103,201,98.875,2.4214,0.1333,2.623,2.205,0.418,7,2.3624,0.0014,0.0111,0.0545,-0.021,25,0.0121,1.9776,0.2399,2.433,1.623,1,2.433,-0.0066,0.0046,0.0145,-0.0235,10,0.0072,1.4004,0.1152,1.618,1.224,0,0.0,-0.0033,0.0012,-0.001,-0.0075,0,0.0,1
133,1.8884,0.4331,2.56,1.205,2,2.349,82.0,-0.0026,0.0074,0.0415,-0.027,37,24,0.0119,200,96.6667,2.36,0.1285,2.56,2.121,0.439,8,2.3526,0.0019,0.0106,0.0415,-0.0245,18,0.0136,1.9258,0.2255,2.384,1.589,0,0.0,-0.0066,0.0039,0.0015,-0.027,11,0.0088,1.3792,0.1114,1.585,1.205,0,0.0,-0.0032,0.0011,-0.001,-0.0055,0,0.0,1
134,1.8686,0.4235,2.546,1.198,2,2.335,57.0,-0.0026,0.007,0.038,-0.0225,37,20,0.0118,181,86.7,2.3293,0.1267,2.546,2.104,0.442,7,2.3674,0.0017,0.01,0.038,-0.0225,14,0.0142,1.9061,0.2194,2.338,1.58,0,0.0,-0.0062,0.0037,0.0045,-0.0215,8,0.0069,1.3705,0.1094,1.573,1.198,0,0.0,-0.0032,0.001,-0.0005,-0.006,0,0.0,1
135,1.8341,0.3932,2.439,1.193,1,2.141,44.0,-0.0025,0.0058,0.0205,-0.018,70,14,0.0092,189,83.7857,2.2462,0.1215,2.439,2.052,0.387,6,2.1897,0.0018,0.0078,0.0205,-0.0115,15,0.0094,1.891,0.2098,2.286,1.571,0,0.0,-0.006,0.0031,0.003,-0.018,9,0.0088,1.365,0.1092,1.568,1.193,0,0.0,-0.0031,0.001,-0.0005,-0.006,0,0.0,1
136,1.8345,0.3465,2.357,1.225,0,0.0,0.0,-0.0017,0.0053,0.019,-0.0175,7,4,0.0039,96,68.75,2.1006,0.1386,2.339,1.836,0.503,2,2.189,0.0042,0.004,0.019,-0.008,9,0.0073,1.9948,0.2203,2.357,1.644,1,2.357,-0.0058,0.0034,0.005,-0.0175,3,0.011,1.408,0.1187,1.639,1.225,0,0.0,-0.0035,0.0011,-0.002,-0.007,0,0.0,1
137,1.8253,0.3183,2.328,1.238,0,0.0,0.0,-0.0015,0.0055,0.0145,-0.015,144,8,0.0067,144,96.0,2.0028,0.1343,2.248,1.789,0.459,2,1.9325,0.0038,0.0044,0.0145,-0.0065,11,0.0075,2.038,0.2024,2.328,1.689,2,2.286,-0.0046,0.005,0.011,-0.015,5,0.0071,1.435,0.1257,1.683,1.238,0,0.0,-0.0037,0.0012,-0.001,-0.008,0,0.0,1
138,1.7936,0.2921,2.255,1.251,1,1.962,68.0,-0.0013,0.0061,0.028,-0.0185,62,17,0.0113,184,111.8235,1.9235,0.1343,2.156,1.722,0.434,10,1.9096,0.0036,0.0061,0.028,-0.012,14,0.0112,2.0159,0.1778,2.255,1.687,2,2.199,-0.0039,0.006,0.0195,-0.0185,9,0.0092,1.4413,0.1259,1.681,1.251,0,0.0,-0.0036,0.0015,-0.0005,-0.009,0,0.0,1
139,1.782,0.2856,2.231,1.244,3,2.0933,106.0,-0.0013,0.0061,0.031,-0.0155,84,18,0.0109,182,111.9444,1.8978,0.1355,2.166,1.706,0.46,7,1.9589,0.0037,0.0065,0.031,-0.0135,13,0.0084,2.0064,0.1751,2.231,1.687,2,2.219,-0.004,0.0054,0.0165,-0.0155,11,0.0096,1.4419,0.1278,1.683,1.244,0,0.0,-0.0037,0.0012,-0.0015,-0.008,0,0.0,1
140,1.7474,0.2721,2.199,1.242,0,0.0,0.0,-0.0011,0.0054,0.0235,-0.0135,89,12,0.0085,115,83.5,1.8434,0.1308,2.099,1.642,0.457,3,1.8377,0.0039,0.0046,0.0235,-0.0045,16,0.0074,1.9711,0.1685,2.199,1.669,2,2.197,-0.0036,0.005,0.01,-0.0135,5,0.0056,1.4276,0.1225,1.664,1.242,0,0.0,-0.0035,0.0015,-0.0005,-0.0095,0,0.0,1
141,1.7194,0.255,2.164,1.238,0,0.0,0.0,-0.0009,0.0049,0.0115,-0.0115,123,2,0.0045,95,94.5,1.7755,0.1237,2.002,1.582,0.42,1,1.653,0.0036,0.0029,0.0105,-0.0065,6,0.0046,1.9532,0.1489,2.164,1.668,2,2.108,-0.0028,0.0056,0.0115,-0.0115,0,0.0,1.4294,0.1252,1.66,1.238,0,0.0,-0.0036,0.0015,0.0005,-0.0085,1,0.005,1
142,1.7111,0.2469,2.144,1.234,0,0.0,0.0,-0.001,0.0049,0.0135,-0.0145,201,6,0.0068,201,184.6667,1.7379,0.117,1.964,1.57,0.394,0,0.0,0.0032,0.003,0.0135,-0.0035,3,0.007,1.9559,0.134,2.144,1.685,2,2.144,-0.0023,0.0058,0.013,-0.0145,5,0.0077,1.4396,0.1298,1.682,1.234,0,0.0,-0.0038,0.0014,0.002,-0.009,1,0.002,1
143,1.6893,0.2357,2.114,1.24,1,1.522,11.0,-0.0008,0.0049,0.015,-0.0115,114,6,0.0077,155,93.3333,1.6839,0.1145,1.882,1.521,0.361,4,1.628,0.0031,0.0034,0.015,-0.007,5,0.0098,1.9396,0.1186,2.114,1.698,1,2.114,-0.0016,0.0057,0.011,-0.0095,4,0.0051,1.4444,0.1301,1.689,1.24,0,0.0,-0.0038,0.0017,0.0,-0.0115,0,0.0,1
