,d_mean,d_std,d_max,d_min,d_peaks_num,d_peaks_mean,d_peaks_idx_mean,g_mean,g_std,g_max,g_min,g_argmax,g_peaks_num,g_peaks_mean,g_clpeak_idx,g_peaks_idx_mean,ud_mean,ud_std,ud_max,ud_min,ud_delta,ud_peaks_num,ud_peaks_mean,ug_mean,ug_std,ug_max,ug_min,ug_peaks_num,ug_peaks_mean,md_mean,md_std,md_max,md_min,md_peaks_num,md_peaks_mean,mg_mean,mg_std,mg_max,mg_min,mg_peaks_num,mg_peaks_mean,bd_mean,bd_std,bd_max,bd_min,bd_peaks_num,bd_peaks_mean,bg_mean,bg_std,bg_max,bg_min,bg_peaks_num,bg_peaks_mean,top_labels,mid_labels,bot_labels
0,2.4412,1.0528,4.819,1.248,0,0.0,0.0,-0.0098,0.0097,0.028,-0.081,134,19,0.0195,312,83.3158,3.7644,0.5941,4.819,2.884,1.935,0,0.0,-0.0158,0.0088,0.028,-0.0405,21,0.0191,2.1138,0.3265,2.879,1.701,0,0.0,-0.0099,0.0113,0.0015,-0.081,7,0.0191,1.4455,0.1261,1.685,1.248,0,0.0,-0.0037,0.0024,0.005,-0.014,1,0.014,1,1,1
1,2.4453,1.0713,4.996,1.256,0,0.0,0.0,-0.0102,0.011,0.029,-0.0735,134,24,0.0194,239,110.2083,3.7837,0.6452,4.996,2.873,2.123,1,4.996,-0.0175,0.0121,0.029,-0.0545,17,0.0181,2.1087,0.3204,2.825,1.699,0,0.0,-0.0097,0.0108,0.0005,-0.0735,7,0.0207,1.4435,0.1256,1.68,1.256,1,1.4,-0.0035,0.0026,0.007,-0.0135,5,0.0071,1,1,1
2,2.4348,1.0568,4.969,1.257,0,0.0,0.0,-0.0103,0.0101,0.005,-0.0915,134,25,0.0213,311,90.56,3.7578,0.6222,4.969,2.86,2.109,0,0.0,-0.0176,0.0086,-0.001,-0.043,20,0.0209,2.1052,0.3196,2.845,1.694,0,0.0,-0.0097,0.0114,0.0,-0.0915,7,0.0188,1.4414,0.1249,1.683,1.257,1,1.402,-0.0036,0.0024,0.005,-0.0155,2,0.0102,1,1,1
3,2.4199,1.0464,5.038,1.25,0,0.0,0.0,-0.0105,0.0106,0.002,-0.0875,132,23,0.0208,301,81.8696,3.7288,0.6231,5.038,2.835,2.203,0,0.0,-0.0185,0.0093,0.0005,-0.048,20,0.0239,2.0918,0.3136,2.816,1.682,0,0.0,-0.0095,0.0117,0.0005,-0.0875,7,0.0077,1.439,0.1243,1.678,1.25,0,0.0,-0.0036,0.002,0.002,-0.011,3,0.0085,1,1,1
4,2.4198,1.0414,4.969,1.254,0,0.0,0.0,-0.0103,0.0102,0.003,-0.0825,133,19,0.0235,238,95.7895,3.7255,0.6063,4.969,2.838,2.131,0,0.0,-0.0179,0.0088,-0.002,-0.051,17,0.0231,2.0941,0.3157,2.814,1.677,0,0.0,-0.0096,0.011,-0.001,-0.0825,11,0.0153,1.44,0.1246,1.676,1.254,1,1.405,-0.0035,0.0024,0.003,-0.0125,1,0.001,1,1,1
5,2.4167,1.0353,5.012,1.251,0,0.0,0.0,-0.0104,0.0107,0.0035,-0.0705,133,30,0.0207,313,87.1333,3.7155,0.6007,5.012,2.82,2.192,0,0.0,-0.0183,0.0111,0.001,-0.062,22,0.021,2.0931,0.3099,2.813,1.68,0,0.0,-0.0095,0.0104,-0.0005,-0.0705,10,0.0147,1.4414,0.1261,1.683,1.251,1,1.401,-0.0036,0.0023,0.0035,-0.0125,2,0.01,1,1,1
6,2.4346,1.0551,5.151,1.252,0,0.0,0.0,-0.0109,0.0111,0.0055,-0.0675,6,22,0.016,315,130.6364,3.753,0.6267,5.151,2.87,2.281,0,0.0,-0.0192,0.0114,-0.002,-0.0675,16,0.0202,2.1075,0.3211,2.847,1.7,0,0.0,-0.0097,0.0104,0.0005,-0.066,9,0.0068,1.4433,0.1258,1.687,1.252,0,0.0,-0.0037,0.0027,0.0055,-0.0195,3,0.0072,1,1,1
7,2.435,1.0524,5.066,1.252,0,0.0,0.0,-0.0106,0.0112,0.003,-0.099,135,24,0.0213,316,108.0833,3.7499,0.621,5.066,2.861,2.205,0,0.0,-0.0184,0.0113,0.002,-0.074,19,0.0212,2.1103,0.3251,2.852,1.693,0,0.0,-0.0097,0.0116,-0.0005,-0.099,12,0.0148,1.4447,0.1264,1.686,1.252,0,0.0,-0.0036,0.0024,0.003,-0.0125,2,0.007,1,1,1
8,2.4592,1.0759,5.188,1.253,0,0.0,0.0,-0.0109,0.0119,0.003,-0.1165,137,23,0.0249,137,73.8261,3.7985,0.6483,5.188,2.891,2.297,0,0.0,-0.0192,0.0108,-0.002,-0.053,19,0.0235,2.1296,0.3378,2.877,1.699,0,0.0,-0.0099,0.0134,-0.001,-0.1165,8,0.0226,1.4494,0.1273,1.69,1.253,1,1.387,-0.0037,0.0022,0.003,-0.01,4,0.0079,1,1,1
9,2.4733,1.0867,5.132,1.251,0,0.0,0.0,-0.0105,0.0123,0.067,-0.118,138,18,0.0222,220,90.0,3.8273,0.652,5.132,2.91,2.222,0,0.0,-0.0177,0.0128,0.067,-0.046,20,0.0187,2.1383,0.3416,2.894,1.705,0,0.0,-0.01,0.0136,-0.0015,-0.118,8,0.0213,1.4543,0.1298,1.7,1.251,0,0.0,-0.0038,0.0023,0.002,-0.014,3,0.0048,1,1,1
10,2.4688,1.0756,5.047,1.248,0,0.0,0.0,-0.0105,0.0105,0.003,-0.0825,139,22,0.0215,321,76.8182,3.8113,0.6319,5.047,2.913,2.134,0,0.0,-0.0178,0.0097,0.002,-0.0445,20,0.0188,2.1408,0.3404,2.899,1.702,0,0.0,-0.01,0.0115,0.001,-0.0825,6,0.027,1.4544,0.1285,1.7,1.248,2,1.382,-0.0038,0.0024,0.003,-0.015,1,0.015,1,1,1
11,2.4611,1.0622,4.983,1.251,0,0.0,0.0,-0.0104,0.0108,0.01,-0.1045,139,31,0.019,322,90.2581,3.7905,0.6029,4.983,2.914,2.069,0,0.0,-0.0173,0.0096,0.01,-0.051,22,0.0191,2.1398,0.3439,2.897,1.701,0,0.0,-0.0101,0.0129,0.001,-0.1045,14,0.0149,1.4529,0.1271,1.697,1.251,0,0.0,-0.0037,0.002,0.001,-0.0115,1,0.0115,1,1,1
12,2.4706,1.0812,4.996,1.252,0,0.0,0.0,-0.0104,0.0115,0.0035,-0.116,139,23,0.0234,176,99.4348,3.8181,0.6402,4.996,2.917,2.079,1,4.994,-0.0173,0.0104,0.0035,-0.0585,19,0.0211,2.1408,0.3477,2.909,1.694,0,0.0,-0.0102,0.0137,0.0015,-0.116,15,0.0196,1.4529,0.1266,1.692,1.252,0,0.0,-0.0037,0.0019,0.0,-0.0095,0,0.0,1,1,1
13,2.4889,1.1115,5.105,1.252,0,0.0,0.0,-0.0107,0.0122,0.006,-0.122,140,17,0.0296,170,85.5882,3.8673,0.6916,5.105,2.919,2.186,0,0.0,-0.0182,0.0117,0.006,-0.052,15,0.0272,2.1446,0.3525,2.915,1.694,0,0.0,-0.0102,0.014,0.0025,-0.122,14,0.0191,1.4548,0.1264,1.682,1.252,1,1.364,-0.0036,0.0021,0.0025,-0.0135,1,0.002,1,1,1
14,2.4723,1.0803,5.128,1.251,0,0.0,0.0,-0.0108,0.0108,0.0025,-0.092,141,18,0.0217,202,84.3333,3.8202,0.6321,5.128,2.917,2.211,0,0.0,-0.0186,0.0099,0.002,-0.042,23,0.0167,2.1439,0.3473,2.905,1.709,0,0.0,-0.0101,0.0117,0.0025,-0.092,5,0.0283,1.4527,0.1292,1.701,1.251,0,0.0,-0.0038,0.002,0.002,-0.009,1,0.009,1,1,1
15,2.428,1.0449,4.942,1.254,0,0.0,0.0,-0.0102,0.0103,0.0025,-0.089,138,18,0.0236,142,55.3333,3.736,0.6019,4.942,2.845,2.097,0,0.0,-0.0176,0.0097,-0.001,-0.0545,21,0.0191,2.1071,0.3304,2.833,1.687,0,0.0,-0.0096,0.011,0.0005,-0.089,8,0.0208,1.4411,0.1269,1.683,1.254,0,0.0,-0.0036,0.0019,0.0025,-0.01,0,0.0,1,1,1
16,2.3644,1.0039,4.84,1.241,0,0.0,0.0,-0.01,0.0101,0.0045,-0.085,133,16,0.0284,133,52.3125,3.6217,0.5897,4.84,2.762,2.078,0,0.0,-0.0174,0.009,0.0045,-0.0505,17,0.0261,2.05,0.3031,2.753,1.659,0,0.0,-0.0092,0.0111,-0.0005,-0.085,4,0.0254,1.4215,0.1224,1.656,1.241,0,0.0,-0.0035,0.0015,0.0,-0.007,0,0.0,1,1,1
17,2.2706,0.9178,4.415,1.222,0,0.0,0.0,-0.0089,0.009,0.0015,-0.086,127,8,0.0284,127,42.375,3.4303,0.5061,4.415,2.687,1.728,0,0.0,-0.0145,0.0084,0.0015,-0.046,12,0.0185,1.9822,0.2654,2.675,1.628,0,0.0,-0.0088,0.0104,-0.0005,-0.086,3,0.0388,1.3994,0.1157,1.623,1.222,0,0.0,-0.0034,0.0016,0.0,-0.0085,0,0.0,1,1,1
18,2.2518,0.905,4.368,1.219,0,0.0,0.0,-0.0088,0.0086,0.0015,-0.0755,126,14,0.0206,126,42.2857,3.3962,0.4999,4.368,2.65,1.718,0,0.0,-0.0144,0.0081,0.001,-0.051,15,0.0168,1.9656,0.2575,2.644,1.62,0,0.0,-0.0086,0.0095,-0.002,-0.0755,1,0.0755,1.3937,0.1151,1.616,1.219,0,0.0,-0.0033,0.0018,0.0015,-0.009,2,0.0053,1,1,1
19,2.1861,0.8501,4.088,1.207,0,0.0,0.0,-0.008,0.0076,0.0005,-0.0645,122,15,0.0153,195,121.6667,3.2683,0.4467,4.088,2.597,1.491,0,0.0,-0.0125,0.0061,0.0005,-0.028,12,0.0152,1.916,0.2301,2.589,1.585,0,0.0,-0.0084,0.0096,0.0005,-0.0645,8,0.0136,1.3739,0.1101,1.583,1.207,0,0.0,-0.0031,0.0011,-0.001,-0.007,0,0.0,1,1,1
20,2.1182,0.7958,3.832,1.193,0,0.0,0.0,-0.0073,0.0076,0.001,-0.082,119,14,0.0195,185,65.3571,3.1365,0.4057,3.832,2.414,1.418,0,0.0,-0.0122,0.0094,0.001,-0.082,16,0.0139,1.8624,0.2011,2.319,1.559,0,0.0,-0.0068,0.0064,-0.001,-0.063,5,0.0093,1.3557,0.1059,1.554,1.193,0,0.0,-0.003,0.0011,-0.0005,-0.007,0,0.0,1,1,1
21,2.097,0.7718,3.681,1.183,0,0.0,0.0,-0.0067,0.0075,0.053,-0.049,0,14,0.0155,168,86.3571,3.0833,0.387,3.681,2.387,1.294,1,3.681,-0.0102,0.0101,0.053,-0.044,14,0.0133,1.8557,0.2007,2.336,1.553,0,0.0,-0.0068,0.0063,0.0015,-0.049,4,0.0091,1.3521,0.1048,1.549,1.183,0,0.0,-0.0031,0.001,0.0,-0.006,0,0.0,1,1,1
22,2.1552,0.7937,3.724,1.201,0,0.0,0.0,-0.007,0.0059,0.011,-0.037,137,10,0.0153,90,48.3,3.1567,0.3732,3.724,2.569,1.155,1,3.724,-0.0096,0.0062,0.011,-0.028,14,0.0128,1.9382,0.2701,2.562,1.588,0,0.0,-0.0082,0.0065,-0.0015,-0.037,2,0.0105,1.3707,0.1091,1.58,1.201,0,0.0,-0.0032,0.001,-0.001,-0.0065,0,0.0,1,3,1
23,2.266,0.8801,4.292,1.232,0,0.0,0.0,-0.0085,0.0091,0.0215,-0.068,12,24,0.0174,162,67.9583,3.3554,0.4751,4.292,2.635,1.657,1,3.642,-0.0138,0.0122,0.0215,-0.068,18,0.0181,2.0397,0.3184,2.628,1.626,0,0.0,-0.0084,0.0065,-0.001,-0.0355,9,0.012,1.403,0.1173,1.622,1.232,0,0.0,-0.0033,0.0014,0.001,-0.0095,0,0.0,1,3,1
24,2.3115,0.9179,4.481,1.23,0,0.0,0.0,-0.009,0.0088,0.015,-0.064,3,22,0.0219,155,83.3182,3.4391,0.5242,4.481,2.686,1.795,0,0.0,-0.0148,0.0109,0.015,-0.064,17,0.0242,2.0799,0.3327,2.68,1.636,0,0.0,-0.0087,0.0069,0.0,-0.038,7,0.0117,1.4156,0.1196,1.632,1.23,0,0.0,-0.0034,0.0012,0.0005,-0.007,2,0.0007,1,3,1
25,2.4082,1.0032,5.141,1.25,0,0.0,0.0,-0.0108,0.0129,0.016,-0.1315,3,26,0.0245,178,74.5385,3.62,0.6401,5.141,2.736,2.405,0,0.0,-0.0202,0.0172,0.016,-0.1315,26,0.0233,2.1686,0.3509,2.734,1.676,0,0.0,-0.0089,0.0076,0.003,-0.057,11,0.0133,1.4358,0.1227,1.669,1.25,0,0.0,-0.0035,0.0017,0.001,-0.0105,0,0.0,1,3,1
26,2.3933,0.9791,4.77,1.248,0,0.0,0.0,-0.0097,0.0099,0.016,-0.055,3,17,0.0199,178,74.2353,3.5798,0.6,4.77,2.735,2.035,0,0.0,-0.0168,0.0119,0.016,-0.055,23,0.0212,2.1663,0.3478,2.72,1.675,0,0.0,-0.0088,0.0078,0.0015,-0.0465,7,0.015,1.4337,0.1224,1.669,1.248,0,0.0,-0.0035,0.0019,0.0025,-0.013,2,0.0012,1,3,1
27,2.3575,0.9365,4.446,1.236,0,0.0,0.0,-0.0087,0.0094,0.025,-0.052,183,24,0.0164,194,82.9167,3.4936,0.5453,4.446,2.715,1.731,2,4.028,-0.0137,0.012,0.025,-0.044,21,0.0168,2.154,0.3424,2.709,1.665,0,0.0,-0.0088,0.0084,0.0005,-0.052,9,0.0156,1.4249,0.1212,1.655,1.236,0,0.0,-0.0035,0.0012,-0.0015,-0.008,0,0.0,1,3,1
28,2.2487,0.814,4.102,1.229,0,0.0,0.0,-0.008,0.0088,0.022,-0.0495,191,21,0.0144,155,77.6667,3.2254,0.4502,4.102,2.62,1.482,2,2.912,-0.0124,0.01,0.0135,-0.036,17,0.015,2.1085,0.3118,2.624,1.645,2,2.3435,-0.0081,0.0095,0.022,-0.0495,9,0.0132,1.412,0.1195,1.642,1.229,0,0.0,-0.0035,0.0014,0.001,-0.0075,0,0.0,1,3,1
29,2.2364,0.764,3.672,1.221,1,2.472,130.0,-0.0068,0.0087,0.037,-0.0905,204,18,0.0146,204,113.3889,3.1691,0.2944,3.672,2.644,1.028,0,0.0,-0.0086,0.0054,0.0045,-0.0235,14,0.0096,2.1282,0.299,2.634,1.625,6,2.3143,-0.0085,0.0133,0.037,-0.0905,13,0.0157,1.4118,0.1166,1.623,1.221,0,0.0,-0.0034,0.0014,-0.0005,-0.008,0,0.0,1,3,1
30,2.4193,0.9977,5.081,1.243,0,0.0,0.0,-0.0106,0.0121,0.012,-0.0755,9,32,0.0248,214,79.6875,3.6148,0.6604,5.081,2.743,2.338,0,0.0,-0.0194,0.0154,0.012,-0.0755,26,0.0252,2.2082,0.3035,2.73,1.673,0,0.0,-0.0089,0.0083,0.002,-0.062,11,0.0199,1.4348,0.1218,1.668,1.243,0,0.0,-0.0036,0.0014,-0.0005,-0.0075,0,0.0,1,3,1
31,2.4355,0.989,4.777,1.234,0,0.0,0.0,-0.0097,0.01,0.026,-0.073,233,25,0.0185,233,101.28,3.6272,0.6239,4.777,2.731,2.046,1,4.777,-0.0167,0.0118,0.026,-0.047,20,0.0198,2.2467,0.2613,2.722,1.688,0,0.0,-0.0087,0.0086,0.0025,-0.073,13,0.0155,1.4327,0.1252,1.683,1.234,0,0.0,-0.0038,0.0017,-0.0005,-0.0085,1,0.0005,1,1,1
32,2.3786,0.9426,4.662,1.23,0,0.0,0.0,-0.0095,0.0091,0.004,-0.0735,237,21,0.0164,220,106.1905,3.5097,0.6035,4.662,2.661,2.001,0,0.0,-0.0167,0.0085,0.004,-0.047,18,0.0194,2.2074,0.2371,2.64,1.667,0,0.0,-0.0082,0.0093,0.0035,-0.0735,13,0.0095,1.4187,0.1212,1.656,1.23,0,0.0,-0.0036,0.0017,0.001,-0.009,0,0.0,1,1,1
33,2.305,0.8735,4.463,1.217,0,0.0,0.0,-0.0091,0.0086,0.001,-0.0785,242,20,0.0202,242,82.4,3.3515,0.5457,4.463,2.601,1.862,0,0.0,-0.0157,0.0083,-0.0015,-0.0375,21,0.0166,2.1595,0.2163,2.589,1.807,0,0.0,-0.0066,0.0032,0.0005,-0.016,4,0.0139,1.404,0.1275,1.797,1.217,0,0.0,-0.0049,0.0088,0.001,-0.0785,2,0.0437,1,1,3
34,2.2884,0.8366,4.374,1.222,0,0.0,0.0,-0.0088,0.0078,-0.0005,-0.061,3,13,0.0218,265,65.8462,3.2932,0.5059,4.374,2.563,1.811,0,0.0,-0.0153,0.0084,-0.0045,-0.061,14,0.0209,2.1413,0.2156,2.556,1.807,0,0.0,-0.0063,0.0026,-0.001,-0.0155,5,0.0077,1.4306,0.1735,1.802,1.222,0,0.0,-0.0049,0.0062,-0.0005,-0.051,2,0.0267,1,1,3
35,2.3454,0.8818,4.608,1.222,0,0.0,0.0,-0.0094,0.0089,0.0025,-0.055,4,14,0.031,280,59.7857,3.4011,0.5718,4.608,2.614,1.994,0,0.0,-0.0166,0.0107,0.0025,-0.055,13,0.0297,2.1673,0.2256,2.608,1.83,0,0.0,-0.0065,0.0025,-0.001,-0.0135,6,0.0075,1.4679,0.1963,1.827,1.222,0,0.0,-0.0051,0.006,0.001,-0.0475,1,0.0475,1,1,3
36,2.5076,1.0212,5.65,1.246,0,0.0,0.0,-0.0123,0.0147,0.0015,-0.0975,2,22,0.0279,320,92.5909,3.7271,0.7549,5.65,2.725,2.925,0,0.0,-0.0247,0.0197,-0.005,-0.0975,18,0.0317,2.2364,0.2428,2.713,1.871,0,0.0,-0.0071,0.0027,-0.0005,-0.0125,1,0.006,1.5592,0.1992,1.864,1.246,0,0.0,-0.0052,0.0048,0.0015,-0.0375,6,0.0095,1,1,3
37,2.4996,1.0194,5.515,1.245,0,0.0,0.0,-0.012,0.0134,0.001,-0.103,0,24,0.027,325,83.2083,3.7137,0.7697,5.515,2.717,2.798,0,0.0,-0.0238,0.0168,-0.005,-0.103,20,0.0294,2.2241,0.2396,2.703,1.861,0,0.0,-0.0071,0.0035,0.0,-0.0215,3,0.0055,1.5611,0.1918,1.856,1.245,0,0.0,-0.0051,0.0058,0.001,-0.051,3,0.02,1,1,3
38,2.4403,0.9485,5.023,1.238,0,0.0,0.0,-0.0105,0.0099,0.006,-0.0595,9,20,0.0191,219,108.05,3.5778,0.6927,5.023,2.65,2.373,0,0.0,-0.0198,0.0111,-0.0025,-0.0595,19,0.0249,2.1842,0.2273,2.64,1.834,0,0.0,-0.0068,0.0038,0.0035,-0.0195,11,0.0062,1.559,0.1768,1.83,1.238,0,0.0,-0.005,0.0047,0.006,-0.0295,2,0.0043,1,1,3
39,2.3681,0.8558,4.583,1.232,0,0.0,0.0,-0.0094,0.0085,0.0095,-0.0565,345,23,0.0173,345,107.6087,3.399,0.5935,4.583,2.572,2.011,0,0.0,-0.0169,0.0084,-0.002,-0.0425,17,0.0192,2.1493,0.2223,2.566,1.814,0,0.0,-0.0063,0.0043,0.0095,-0.023,11,0.0081,1.5561,0.1599,1.81,1.232,0,0.0,-0.0048,0.0065,0.0015,-0.0565,2,0.0287,1,1,1
40,2.3428,0.8182,4.471,1.365,0,0.0,0.0,-0.0086,0.0083,0.0035,-0.054,24,22,0.0193,192,82.4545,3.3363,0.56,4.471,2.549,1.922,0,0.0,-0.0161,0.0104,0.0025,-0.054,18,0.0227,2.1227,0.2144,2.543,1.793,1,2.066,-0.0063,0.003,0.0035,-0.0165,10,0.0054,1.5696,0.126,1.789,1.365,0,0.0,-0.0036,0.0019,0.002,-0.0085,2,0.0048,1,1,1
41,2.3675,0.8502,4.671,1.377,0,0.0,0.0,-0.0092,0.0084,0.0,-0.058,5,14,0.0193,101,49.8571,3.3997,0.5919,4.671,2.566,2.105,0,0.0,-0.0176,0.0096,-0.0025,-0.058,16,0.0186,2.1314,0.2199,2.558,1.795,0,0.0,-0.0064,0.0025,-0.002,-0.014,3,0.0077,1.5713,0.1203,1.794,1.377,0,0.0,-0.0035,0.0016,0.0,-0.009,1,0.007,1,1,1
42,2.3382,0.81,4.259,1.383,0,0.0,0.0,-0.0079,0.0073,0.028,-0.0405,24,12,0.0151,71,58.5,3.3318,0.5215,4.259,2.573,1.686,1,4.259,-0.0137,0.0097,0.028,-0.0405,15,0.0162,2.1187,0.2182,2.559,1.785,0,0.0,-0.0065,0.0027,-0.001,-0.0165,1,0.003,1.564,0.118,1.783,1.383,0,0.0,-0.0034,0.0013,0.0,-0.008,0,0.0,1,1,1
43,2.331,0.8218,4.433,1.375,0,0.0,0.0,-0.0085,0.0074,0.0,-0.042,1,11,0.0161,42,41.0909,3.3297,0.5654,4.433,2.545,1.888,0,0.0,-0.0158,0.0085,0.0,-0.042,15,0.0157,2.1045,0.218,2.536,1.779,0,0.0,-0.0064,0.0029,0.0,-0.0155,1,0.012,1.5588,0.1179,1.774,1.375,0,0.0,-0.0034,0.0014,0.0,-0.008,0,0.0,1,1,1
44,2.3546,0.8464,4.573,1.378,0,0.0,0.0,-0.0089,0.0078,0.002,-0.0395,4,21,0.0164,189,71.1905,3.384,0.5841,4.573,2.565,2.008,0,0.0,-0.0168,0.0084,-0.0045,-0.0395,17,0.0179,2.1176,0.225,2.556,1.774,0,0.0,-0.0066,0.0036,0.002,-0.024,6,0.0097,1.5621,0.1166,1.769,1.378,0,0.0,-0.0033,0.0014,0.0005,-0.0065,0,0.0,1,1,1
45,2.2818,0.7904,4.251,1.357,0,0.0,0.0,-0.008,0.0071,0.006,-0.0505,24,15,0.0153,269,78.9333,3.2412,0.5432,4.251,2.484,1.767,0,0.0,-0.0148,0.0083,0.006,-0.0505,13,0.0183,2.0678,0.2122,2.476,1.741,0,0.0,-0.0062,0.0029,0.0005,-0.015,7,0.0069,1.5364,0.111,1.736,1.357,0,0.0,-0.0032,0.0016,0.001,-0.007,1,0.005,1,1,1
46,2.1921,0.7148,4.058,1.33,0,0.0,0.0,-0.0076,0.0064,0.0025,-0.033,2,13,0.0173,272,65.6923,3.0629,0.4695,4.058,2.397,1.661,0,0.0,-0.014,0.0067,-0.002,-0.033,15,0.0179,2.0066,0.1979,2.397,1.706,0,0.0,-0.0058,0.0033,0.0025,-0.019,3,0.0085,1.5069,0.1055,1.702,1.33,0,0.0,-0.0031,0.0015,0.0,-0.008,1,0.0075,1,1,1
47,2.086,0.6321,3.529,1.308,0,0.0,0.0,-0.0062,0.005,0.001,-0.0305,37,6,0.0158,173,68.1667,2.8594,0.3842,3.529,2.308,1.221,0,0.0,-0.0102,0.0063,0.0005,-0.0305,9,0.0132,1.9337,0.1837,2.305,1.656,0,0.0,-0.0055,0.0028,0.0005,-0.014,2,0.0055,1.4648,0.0999,1.653,1.308,0,0.0,-0.0029,0.0012,0.001,-0.007,1,0.001,1,1,1
48,2.079,0.6702,3.847,1.28,0,0.0,0.0,-0.0072,0.0064,0.001,-0.045,6,9,0.0219,37,27.0,2.8915,0.451,3.847,2.272,1.575,0,0.0,-0.0132,0.0077,-0.001,-0.045,14,0.0199,1.9091,0.1782,2.261,1.626,0,0.0,-0.0053,0.0021,-0.0015,-0.012,3,0.0045,1.4363,0.1011,1.623,1.28,0,0.0,-0.0029,0.0011,0.001,-0.006,0,0.0,1,1,1
49,2.0702,0.6739,3.743,1.262,0,0.0,0.0,-0.0068,0.0057,0.008,-0.033,10,7,0.0143,88,61.0,2.8877,0.4454,3.743,2.283,1.46,0,0.0,-0.012,0.0069,0.008,-0.033,9,0.0159,1.9034,0.1848,2.273,1.619,0,0.0,-0.0055,0.0022,-0.001,-0.011,0,0.0,1.4194,0.102,1.614,1.262,0,0.0,-0.003,0.001,0.0,-0.0055,0,0.0,1,1,1
50,2.1745,0.8095,4.537,1.237,0,0.0,0.0,-0.0092,0.0113,0.0005,-0.1025,3,6,0.0313,21,14.5,3.1568,0.5572,4.537,2.376,2.161,0,0.0,-0.0181,0.0159,-0.0015,-0.1025,9,0.0313,1.9569,0.212,2.362,1.623,0,0.0,-0.0062,0.002,0.0005,-0.0105,1,0.0035,1.4098,0.116,1.617,1.237,0,0.0,-0.0032,0.001,-0.001,-0.006,0,0.0,1,1,1
51,2.1669,0.8712,4.56,1.198,0,0.0,0.0,-0.0093,0.0099,0.019,-0.075,5,7,0.0276,17,20.8571,3.2121,0.6561,4.56,2.347,2.213,0,0.0,-0.0182,0.0128,0.019,-0.075,11,0.0256,1.9164,0.2161,2.343,1.591,0,0.0,-0.0063,0.0024,-0.001,-0.012,0,0.0,1.372,0.1129,1.582,1.198,0,0.0,-0.0032,0.0011,-0.0015,-0.007,0,0.0,1,1,1
52,2.0967,0.8136,4.54,1.185,0,0.0,0.0,-0.0091,0.0115,0.032,-0.103,4,12,0.0289,194,41.0833,3.0738,0.6095,4.54,2.255,2.285,0,0.0,-0.0185,0.0161,0.032,-0.103,17,0.0249,1.8648,0.1995,2.245,1.555,0,0.0,-0.0058,0.002,-0.0015,-0.012,4,0.0103,1.3516,0.1046,1.546,1.185,0,0.0,-0.0031,0.0011,-0.0005,-0.0085,0,0.0,1,1,1
53,1.8475,0.5797,3.22,1.047,0,0.0,0.0,-0.006,0.0045,0.017,-0.0265,26,8,0.0084,343,103.875,2.5523,0.3598,3.22,2.028,1.192,0,0.0,-0.0098,0.0053,0.017,-0.0265,9,0.0099,1.7128,0.1597,2.018,1.46,0,0.0,-0.0047,0.0019,-0.001,-0.011,0,0.0,1.2775,0.1156,1.458,1.047,0,0.0,-0.0034,0.0026,-0.0005,-0.0185,3,0.0098,1,1,1
54,1.8047,0.5412,3.076,1.063,0,0.0,0.0,-0.0055,0.0042,0.009,-0.0265,4,4,0.0179,26,14.0,2.4631,0.3324,3.076,1.977,1.099,0,0.0,-0.009,0.0052,0.009,-0.0265,6,0.0153,1.68,0.1566,1.971,1.441,0,0.0,-0.0045,0.0016,-0.001,-0.01,0,0.0,1.271,0.0993,1.437,1.063,0,0.0,-0.0032,0.0022,0.002,-0.013,1,0.002,1,1,1
55,1.9266,0.652,3.448,1.16,0,0.0,0.0,-0.0064,0.0057,0.0005,-0.037,19,8,0.0122,136,66.75,2.7219,0.4321,3.448,2.086,1.362,0,0.0,-0.0115,0.0072,0.0005,-0.037,10,0.014,1.7515,0.178,2.077,1.483,0,0.0,-0.005,0.0021,-0.0005,-0.013,1,0.013,1.3062,0.0929,1.478,1.16,0,0.0,-0.0027,0.0009,-0.001,-0.0055,0,0.0,1,1,1
56,1.9906,0.7124,3.838,1.174,0,0.0,0.0,-0.0074,0.0072,0.003,-0.0715,11,12,0.0215,64,31.4167,2.8577,0.4938,3.838,2.144,1.694,0,0.0,-0.0142,0.0088,0.003,-0.0715,14,0.0211,1.7901,0.1808,2.136,1.508,0,0.0,-0.0053,0.0021,-0.001,-0.013,0,0.0,1.324,0.0972,1.505,1.174,0,0.0,-0.0028,0.001,0.0,-0.005,0,0.0,1,1,1
57,1.9317,0.664,3.676,1.159,0,0.0,0.0,-0.007,0.0062,0.005,-0.033,18,17,0.0136,91,70.0588,2.7358,0.4666,3.676,2.089,1.587,0,0.0,-0.0132,0.0071,0.005,-0.033,24,0.0151,1.75,0.1708,2.082,1.489,0,0.0,-0.005,0.0019,-0.0005,-0.0115,2,0.007,1.3093,0.0939,1.486,1.159,0,0.0,-0.0027,0.0011,0.0,-0.0065,1,0.0,1,1,1
58,1.8364,0.5811,3.302,1.138,0,0.0,0.0,-0.006,0.0046,0.0015,-0.0275,14,5,0.0077,14,60.6,2.5442,0.3837,3.302,1.99,1.312,0,0.0,-0.011,0.0046,-0.0025,-0.0275,8,0.0121,1.6862,0.1542,1.984,1.445,0,0.0,-0.0045,0.0018,0.0015,-0.011,3,0.0075,1.2788,0.0881,1.443,1.138,0,0.0,-0.0026,0.0009,-0.0005,-0.0045,0,0.0,1,1,1
59,1.7664,0.5315,3.102,1.116,0,0.0,0.0,-0.0055,0.0042,0.0015,-0.021,12,4,0.0119,44,32.5,2.4134,0.3454,3.102,1.916,1.186,0,0.0,-0.0099,0.0044,0.0015,-0.021,9,0.0116,1.6345,0.1418,1.912,1.409,0,0.0,-0.0042,0.0015,-0.0015,-0.0115,1,0.0115,1.2513,0.0831,1.406,1.116,0,0.0,-0.0024,0.0008,-0.0005,-0.005,0,0.0,1,1,1
60,1.8324,0.5739,3.092,1.136,2,2.967,18.5,-0.0054,0.0042,0.0205,-0.021,34,5,0.0134,95,44.2,2.5403,0.3439,3.092,1.999,1.093,2,2.967,-0.0092,0.005,0.0205,-0.021,8,0.0123,1.6849,0.1572,1.992,1.444,0,0.0,-0.0046,0.0016,-0.001,-0.0095,0,0.0,1.272,0.0904,1.437,1.136,0,0.0,-0.0025,0.001,0.0,-0.005,0,0.0,1,1,1
61,1.9267,0.6595,3.658,1.165,0,0.0,0.0,-0.0069,0.0063,0.01,-0.042,12,8,0.0181,42,21.125,2.728,0.4564,3.658,2.086,1.572,0,0.0,-0.013,0.0074,0.01,-0.042,10,0.0178,1.7453,0.1696,2.08,1.481,0,0.0,-0.005,0.0016,-0.0015,-0.009,0,0.0,1.3068,0.0924,1.479,1.165,0,0.0,-0.0026,0.0011,0.0,-0.006,0,0.0,1,1,1
62,1.9411,0.6746,3.711,1.16,0,0.0,0.0,-0.0069,0.0067,0.038,-0.0435,2,10,0.0184,46,18.6,2.761,0.4687,3.711,2.103,1.608,0,0.0,-0.013,0.0085,0.038,-0.0435,11,0.0176,1.7531,0.1735,2.096,1.489,0,0.0,-0.0051,0.0017,-0.002,-0.01,0,0.0,1.3092,0.0935,1.487,1.16,0,0.0,-0.0027,0.0011,-0.0005,-0.0065,0,0.0,1,1,1
63,1.9574,0.6883,3.8,1.162,0,0.0,0.0,-0.0074,0.0069,0.002,-0.0495,3,10,0.0173,221,57.3,2.7971,0.4712,3.8,2.117,1.683,0,0.0,-0.0141,0.0082,-0.0015,-0.0495,13,0.0161,1.7625,0.1782,2.105,1.494,0,0.0,-0.0052,0.0018,0.0005,-0.01,1,0.01,1.3127,0.094,1.491,1.162,0,0.0,-0.0028,0.0011,0.002,-0.006,0,0.0,1,1,1
64,1.9111,0.6507,3.587,1.153,0,0.0,0.0,-0.0068,0.0065,0.026,-0.057,4,4,0.0277,118,56.0,2.7058,0.4365,3.587,2.071,1.516,0,0.0,-0.0127,0.0081,0.026,-0.057,11,0.0181,1.7313,0.1722,2.06,1.477,0,0.0,-0.0049,0.0019,-0.0005,-0.011,2,0.002,1.2963,0.0916,1.474,1.153,0,0.0,-0.0027,0.001,0.0,-0.005,0,0.0,1,1,1
65,1.877,0.6359,3.592,1.094,0,0.0,0.0,-0.007,0.0071,0.018,-0.072,0,8,0.0202,350,161.625,2.653,0.425,3.592,2.039,1.553,0,0.0,-0.0133,0.0082,-0.003,-0.072,6,0.0213,1.7039,0.1668,2.027,1.455,0,0.0,-0.0048,0.0021,0.0005,-0.0125,2,0.0062,1.274,0.0951,1.45,1.094,1,1.14,-0.003,0.0045,0.018,-0.023,3,0.0185,1,1,1
66,1.9101,0.6644,3.508,1.138,1,3.411,6.0,-0.0064,0.0062,0.041,-0.0505,11,6,0.0231,66,35.0,2.7219,0.4419,3.508,2.085,1.423,1,3.411,-0.0114,0.0082,0.041,-0.0505,9,0.0193,1.728,0.1772,2.081,1.456,0,0.0,-0.0052,0.0017,-0.001,-0.0115,1,0.009,1.2803,0.0935,1.453,1.138,0,0.0,-0.0026,0.0014,0.003,-0.009,0,0.0,1,1,1
67,1.9358,0.6677,3.418,1.146,0,0.0,0.0,-0.0056,0.0076,0.041,-0.0565,19,8,0.0217,91,37.125,2.7597,0.4143,3.418,2.123,1.295,1,3.418,-0.0088,0.0121,0.041,-0.0565,14,0.017,1.7536,0.1827,2.109,1.474,0,0.0,-0.0054,0.0021,0.0,-0.0105,0,0.0,1.2942,0.0946,1.47,1.146,0,0.0,-0.0027,0.0009,-0.001,-0.006,0,0.0,1,1,1
68,1.9695,0.6664,3.4,1.166,0,0.0,0.0,-0.0056,0.0081,0.0285,-0.0715,27,8,0.0212,85,50.875,2.798,0.3772,3.4,2.181,1.219,1,3.4,-0.0083,0.0134,0.0285,-0.0715,13,0.0194,1.7937,0.1924,2.175,1.505,0,0.0,-0.0056,0.0022,-0.0015,-0.0105,0,0.0,1.3167,0.0976,1.502,1.166,0,0.0,-0.0028,0.001,-0.0005,-0.0055,0,0.0,1,1,1
69,1.9685,0.6597,3.314,1.168,1,3.129,8.0,-0.0058,0.0081,0.0405,-0.072,31,12,0.0209,258,109.6667,2.7891,0.3653,3.314,2.175,1.139,3,3.2197,-0.0092,0.013,0.0405,-0.072,7,0.0305,1.7989,0.1909,2.167,1.51,0,0.0,-0.0055,0.0028,0.003,-0.0155,7,0.0074,1.3175,0.0992,1.505,1.168,0,0.0,-0.0028,0.0013,-0.0005,-0.01,1,0.01,1,1,1
70,1.9265,0.64,3.231,1.15,0,0.0,0.0,-0.0057,0.0061,0.025,-0.0355,33,12,0.017,141,71.25,2.7199,0.3685,3.231,2.125,1.106,3,3.195,-0.009,0.009,0.025,-0.0355,13,0.0171,1.7602,0.1819,2.11,1.485,0,0.0,-0.0053,0.0032,0.002,-0.016,6,0.0056,1.2993,0.0962,1.483,1.15,0,0.0,-0.0028,0.0011,-0.0005,-0.0065,0,0.0,1,1,1
71,1.8553,0.5839,3.102,1.129,0,0.0,0.0,-0.0052,0.0076,0.0255,-0.0895,26,9,0.0208,132,58.3333,2.5766,0.3342,3.102,2.059,1.043,2,2.9895,-0.0078,0.0124,0.0255,-0.0895,11,0.0195,1.7115,0.1677,2.057,1.457,0,0.0,-0.005,0.0024,0.0005,-0.013,2,0.0073,1.2778,0.093,1.447,1.129,0,0.0,-0.0027,0.0011,0.0005,-0.0075,0,0.0,1,1,1
72,1.8434,0.5764,3.021,1.126,1,3.021,21.0,-0.0052,0.0048,0.0135,-0.041,32,10,0.0143,155,46.9,2.555,0.3263,3.021,2.038,0.983,2,2.991,-0.008,0.007,0.0135,-0.041,16,0.0115,1.704,0.1697,2.036,1.445,0,0.0,-0.005,0.0018,-0.0015,-0.011,1,0.011,1.2713,0.0913,1.441,1.126,0,0.0,-0.0027,0.001,0.0,-0.0065,0,0.0,2,1,1
73,1.8838,0.5885,3.159,1.149,0,0.0,0.0,-0.0056,0.0061,0.025,-0.0395,9,12,0.0221,111,37.75,2.6141,0.3171,3.159,2.085,1.074,2,2.9195,-0.009,0.0093,0.025,-0.0395,16,0.0186,1.7421,0.1729,2.082,1.47,0,0.0,-0.0051,0.0017,-0.002,-0.0105,0,0.0,1.2952,0.0935,1.467,1.149,0,0.0,-0.0027,0.0012,0.001,-0.0065,0,0.0,2,1,1
74,1.9477,0.61,3.196,1.175,1,2.931,53.0,-0.0056,0.0067,0.03,-0.0655,54,8,0.0269,54,33.375,2.7076,0.3036,3.196,2.175,1.021,4,2.8925,-0.0085,0.0107,0.03,-0.0655,8,0.0269,1.8055,0.1862,2.165,1.524,0,0.0,-0.0054,0.002,-0.001,-0.01,0,0.0,1.3299,0.1005,1.521,1.175,0,0.0,-0.0029,0.0013,-0.0005,-0.007,0,0.0,2,1,1
75,1.9456,0.606,3.29,1.173,2,2.858,41.0,-0.006,0.0062,0.0075,-0.064,0,11,0.0141,57,31.8182,2.7002,0.3004,3.29,2.182,1.108,2,2.858,-0.0095,0.0093,0.0075,-0.064,12,0.0136,1.8057,0.1859,2.174,1.52,0,0.0,-0.0055,0.0022,-0.001,-0.0115,1,0.0115,1.3309,0.1005,1.518,1.173,0,0.0,-0.0029,0.0009,-0.0005,-0.0055,0,0.0,2,1,1
76,1.9347,0.5901,3.283,1.178,0,0.0,0.0,-0.0059,0.0055,0.0125,-0.038,62,11,0.0134,255,92.4545,2.6658,0.2958,3.283,2.167,1.116,2,2.7475,-0.0094,0.008,0.0125,-0.038,10,0.0158,1.8046,0.1852,2.16,1.521,0,0.0,-0.0054,0.0023,-0.0005,-0.013,1,0.0045,1.3337,0.1007,1.52,1.178,0,0.0,-0.0029,0.0009,0.0005,-0.007,2,0.0038,2,1,1
77,1.9107,0.5659,3.16,1.168,2,2.663,51.5,-0.0053,0.0056,0.052,-0.0295,0,8,0.0072,178,78.75,2.6115,0.2703,3.16,2.146,1.014,2,2.663,-0.0078,0.0088,0.052,-0.0295,8,0.0074,1.793,0.1806,2.138,1.513,0,0.0,-0.0053,0.0018,-0.0005,-0.011,3,0.007,1.3275,0.1,1.51,1.168,0,0.0,-0.0029,0.001,0.0,-0.0055,0,0.0,2,1,1
78,1.9359,0.599,3.474,1.168,0,0.0,0.0,-0.0064,0.0067,0.009,-0.062,8,6,0.0253,49,29.1667,2.6716,0.3195,3.474,2.188,1.286,2,2.593,-0.0106,0.01,0.009,-0.062,7,0.0236,1.8096,0.1878,2.181,1.521,0,0.0,-0.0055,0.002,-0.002,-0.011,0,0.0,1.3264,0.1016,1.518,1.168,0,0.0,-0.0029,0.001,0.0005,-0.0065,0,0.0,2,1,1
79,2.0931,0.721,3.965,1.204,0,0.0,0.0,-0.0077,0.0072,0.006,-0.0515,25,9,0.019,114,65.5556,2.956,0.463,3.965,2.399,1.566,2,2.5475,-0.0132,0.0099,0.006,-0.0515,17,0.0167,1.946,0.2321,2.393,1.596,0,0.0,-0.0067,0.0019,-0.0025,-0.011,0,0.0,1.3772,0.1115,1.592,1.204,0,0.0,-0.0033,0.0015,0.002,-0.0075,0,0.0,2,1,1
80,2.1246,0.7333,3.923,1.222,0,0.0,0.0,-0.0075,0.0069,0.0145,-0.0435,31,6,0.0189,93,59.1667,2.9959,0.4836,3.923,2.442,1.481,3,2.518,-0.0125,0.0097,0.0145,-0.0435,10,0.0184,1.9817,0.2357,2.425,1.62,0,0.0,-0.0068,0.0021,-0.003,-0.0145,0,0.0,1.3963,0.1166,1.616,1.222,0,0.0,-0.0033,0.0015,0.0005,-0.008,0,0.0,2,1,1
81,2.1562,0.7763,4.222,1.22,1,2.44,105.0,-0.0084,0.0084,0.0055,-0.0665,5,17,0.0178,138,73.5294,3.0635,0.5652,4.222,2.44,1.782,1,2.44,-0.0148,0.0113,0.0055,-0.0665,15,0.0195,2.0025,0.2437,2.464,1.635,0,0.0,-0.0069,0.004,0.002,-0.0245,6,0.0117,1.4026,0.1202,1.63,1.22,0,0.0,-0.0034,0.0014,-0.001,-0.0085,1,0.0085,2,1,1
82,2.1364,0.7625,4.153,1.219,1,2.358,107.0,-0.0082,0.0076,0.0115,-0.0305,14,18,0.0146,139,79.6111,3.0224,0.5692,4.153,2.358,1.795,0,0.0,-0.0149,0.0086,0.006,-0.0305,19,0.0163,1.988,0.2343,2.387,1.628,1,2.375,-0.0062,0.0051,0.0115,-0.029,6,0.0148,1.3987,0.1188,1.624,1.219,0,0.0,-0.0034,0.0013,0.0,-0.007,0,0.0,2,1,1
83,2.0993,0.7325,4.037,1.208,1,2.314,108.0,-0.0079,0.0073,0.0055,-0.0335,7,15,0.0142,125,66.0667,2.9503,0.5415,4.037,2.314,1.723,2,2.3145,-0.0143,0.0093,0.0055,-0.0335,15,0.0168,1.9616,0.2263,2.338,1.614,1,2.338,-0.006,0.0031,0.0035,-0.017,2,0.0045,1.3861,0.116,1.607,1.208,0,0.0,-0.0034,0.0011,-0.001,-0.0075,0,0.0,2,1,1
84,2.0165,0.6577,3.619,1.189,0,0.0,0.0,-0.0067,0.006,0.005,-0.0395,36,8,0.0171,136,56.875,2.7848,0.4618,3.619,2.202,1.417,1,2.202,-0.0117,0.0076,0.005,-0.0395,9,0.0146,1.9013,0.204,2.223,1.58,0,0.0,-0.0053,0.003,0.0015,-0.02,2,0.013,1.3635,0.1124,1.575,1.189,0,0.0,-0.0032,0.0011,0.001,-0.006,1,0.001,1,2,1
85,2.0035,0.6497,3.55,1.184,1,2.152,114.0,-0.0062,0.0079,0.068,-0.034,0,7,0.0131,140,48.2857,2.76,0.4629,3.55,2.152,1.398,1,3.55,-0.0104,0.012,0.068,-0.034,10,0.0129,1.891,0.1998,2.207,1.57,1,2.207,-0.0049,0.004,0.0065,-0.02,2,0.008,1.3596,0.1115,1.565,1.184,0,0.0,-0.0032,0.001,-0.0005,-0.006,0,0.0,1,2,1
86,2.0835,0.7342,4.033,1.209,0,0.0,0.0,-0.0078,0.0088,0.017,-0.0535,11,13,0.025,74,38.9231,2.9435,0.5699,4.033,2.153,1.88,0,0.0,-0.0156,0.0111,0.017,-0.0535,17,0.0229,1.9179,0.1726,2.15,1.614,3,2.1037,-0.0045,0.0039,0.005,-0.021,2,0.0127,1.3891,0.1162,1.609,1.209,1,1.224,-0.0034,0.0013,0.001,-0.007,0,0.0,1,2,1
87,2.1271,0.7619,4.091,1.226,0,0.0,0.0,-0.0079,0.0075,0.0105,-0.036,66,11,0.0165,84,68.9091,3.0404,0.5711,4.091,2.217,1.874,0,0.0,-0.0155,0.0074,0.009,-0.036,12,0.0188,1.9236,0.1455,2.211,1.653,3,1.9843,-0.0047,0.0049,0.0105,-0.0195,4,0.0066,1.4173,0.1212,1.649,1.226,0,0.0,-0.0036,0.0013,-0.0005,-0.007,0,0.0,1,2,1
88,2.099,0.743,4.108,1.231,1,1.883,161.0,-0.008,0.0084,0.011,-0.075,11,17,0.0161,198,79.9412,2.9859,0.5721,4.108,2.19,1.918,0,0.0,-0.0161,0.0094,0.0,-0.075,15,0.0167,1.8968,0.1354,2.177,1.644,2,1.9295,-0.0045,0.005,0.011,-0.0155,7,0.0104,1.4143,0.1191,1.64,1.231,0,0.0,-0.0034,0.0012,0.0,-0.0075,0,0.0,1,2,1
89,2.0537,0.7033,3.903,1.223,1,1.836,167.0,-0.0074,0.007,0.0065,-0.04,17,15,0.0147,188,74.7333,2.8997,0.5282,3.903,2.149,1.754,0,0.0,-0.0146,0.0073,0.0065,-0.04,16,0.0163,1.856,0.1268,2.134,1.626,2,1.8605,-0.0043,0.004,0.0045,-0.0165,4,0.0061,1.4055,0.1181,1.622,1.223,0,0.0,-0.0033,0.0009,-0.001,-0.006,0,0.0,1,2,1
90,2.0335,0.6954,3.946,1.221,0,0.0,0.0,-0.0076,0.007,0.004,-0.036,6,6,0.0208,24,19.3333,2.8722,0.5227,3.946,2.127,1.819,0,0.0,-0.0152,0.0068,-0.001,-0.036,11,0.0209,1.8309,0.1224,2.12,1.616,2,1.8115,-0.0042,0.0037,0.004,-0.0135,2,0.0047,1.3975,0.1171,1.612,1.221,0,0.0,-0.0033,0.0011,-0.0005,-0.006,0,0.0,1,2,1
91,2.0114,0.6886,3.889,1.208,1,1.693,184.0,-0.0075,0.0069,0.0065,-0.0375,78,6,0.0182,168,87.3333,2.8468,0.513,3.889,2.104,1.785,0,0.0,-0.015,0.0065,-0.0035,-0.0375,7,0.0167,1.7975,0.1298,2.096,1.605,2,1.721,-0.0041,0.004,0.0065,-0.0115,5,0.0064,1.39,0.1135,1.602,1.208,0,0.0,-0.0033,0.001,-0.001,-0.006,0,0.0,1,2,1
92,2.099,0.7946,4.27,1.233,0,0.0,0.0,-0.0084,0.0085,0.011,-0.0555,13,16,0.0214,91,39.0625,3.0651,0.608,4.27,2.218,2.052,0,0.0,-0.017,0.0092,0.011,-0.0555,18,0.0216,1.8146,0.1765,2.208,1.615,2,1.6385,-0.0047,0.0041,0.0055,-0.0125,1,0.0045,1.4174,0.1208,1.649,1.233,0,0.0,-0.0035,0.0015,-0.001,-0.0095,0,0.0,1,2,1
93,2.1068,0.8073,4.331,1.232,1,1.642,244.0,-0.0085,0.0088,0.0245,-0.041,17,12,0.0218,58,55.25,3.09,0.615,4.331,2.229,2.102,0,0.0,-0.0171,0.0099,0.0245,-0.041,15,0.0208,1.8092,0.1925,2.216,1.572,1,1.572,-0.005,0.004,0.007,-0.016,0,0.0,1.4213,0.1222,1.642,1.232,1,1.642,-0.0032,0.0021,0.007,-0.011,0,0.0,1,1,1
94,2.118,0.829,4.302,1.235,0,0.0,0.0,-0.0085,0.0088,0.0255,-0.0735,7,14,0.0272,116,34.6429,3.1319,0.6195,4.302,2.257,2.045,0,0.0,-0.0171,0.01,0.0255,-0.0735,21,0.0246,1.8088,0.2144,2.244,1.513,1,1.513,-0.0061,0.0029,0.003,-0.0125,0,0.0,1.4133,0.1073,1.564,1.235,1,1.564,-0.0024,0.0026,0.0055,-0.011,1,0.011,1,1,1
95,2.0701,0.7928,4.199,1.228,0,0.0,0.0,-0.0083,0.0082,0.0075,-0.045,12,23,0.017,173,75.5652,3.0405,0.5875,4.199,2.216,1.983,0,0.0,-0.0166,0.0083,0.0075,-0.045,23,0.0193,1.7809,0.2079,2.191,1.474,0,0.0,-0.0061,0.0032,0.001,-0.02,7,0.0068,1.389,0.0892,1.514,1.228,2,1.4805,-0.002,0.0028,0.006,-0.0105,0,0.0,1,1,2
96,2.0003,0.7347,3.868,1.211,0,0.0,0.0,-0.0074,0.0069,0.008,-0.034,57,12,0.0153,158,78.25,2.9046,0.5254,3.868,2.148,1.72,0,0.0,-0.0143,0.0067,0.008,-0.034,14,0.0161,1.7393,0.1962,2.125,1.442,0,0.0,-0.0058,0.0032,0.0015,-0.0175,5,0.0073,1.3571,0.0719,1.451,1.211,2,1.414,-0.0019,0.0029,0.0065,-0.0095,1,0.0,1,1,2
97,1.9586,0.7055,3.853,1.2,0,0.0,0.0,-0.0074,0.007,0.004,-0.0385,27,6,0.0212,27,43.6667,2.8247,0.5088,3.853,2.083,1.77,0,0.0,-0.0148,0.0068,-0.0015,-0.0385,10,0.018,1.7117,0.1885,2.076,1.422,0,0.0,-0.0055,0.0019,-0.0015,-0.013,1,0.013,1.3395,0.0653,1.421,1.2,2,1.3905,-0.0018,0.0025,0.004,-0.007,0,0.0,1,1,2
98,1.8875,0.6556,3.666,1.193,0,0.0,0.0,-0.0069,0.0067,0.0045,-0.04,10,14,0.0163,100,42.8571,2.6922,0.4662,3.666,2.03,1.636,0,0.0,-0.0137,0.0067,0.0,-0.04,14,0.017,1.668,0.1784,2.02,1.401,0,0.0,-0.0052,0.0024,0.001,-0.014,3,0.0038,1.3024,0.0488,1.398,1.193,2,1.3175,-0.0017,0.0026,0.0045,-0.007,0,0.0,1,1,2
99,1.9245,0.7038,3.742,1.193,0,0.0,0.0,-0.007,0.0067,0.0055,-0.0385,5,13,0.0172,120,51.3846,2.7882,0.481,3.742,2.104,1.638,0,0.0,-0.0137,0.007,0.0,-0.0385,15,0.0177,1.7119,0.1889,2.093,1.42,0,0.0,-0.0057,0.0022,-0.002,-0.0155,1,0.0135,1.2735,0.0627,1.415,1.193,2,1.2265,-0.0017,0.0025,0.0055,-0.005,0,0.0,1,1,2
100,1.9866,0.7692,3.766,1.146,0,0.0,0.0,-0.0067,0.0086,0.056,-0.0355,10,13,0.0184,75,54.8462,2.9322,0.5096,3.766,2.19,1.576,1,3.766,-0.0119,0.0127,0.056,-0.0355,16,0.0183,1.7628,0.2051,2.179,1.45,0,0.0,-0.0061,0.0027,-0.001,-0.0155,1,0.001,1.2648,0.09,1.447,1.146,1,1.146,-0.0021,0.0023,0.0045,-0.005,0,0.0,1,1,1
101,2.0772,0.8254,3.756,1.113,1,3.756,27.0,-0.0072,0.0074,0.0355,-0.0365,35,12,0.0137,163,92.3333,3.1047,0.494,3.756,2.307,1.449,3,3.7133,-0.0118,0.0108,0.0355,-0.0365,13,0.0142,1.8398,0.2272,2.298,1.502,0,0.0,-0.0067,0.0027,0.001,-0.0155,2,0.0105,1.2871,0.1099,1.499,1.113,0,0.0,-0.0033,0.0012,-0.001,-0.007,0,0.0,1,1,1
102,2.0597,0.816,3.711,1.115,2,3.675,24.5,-0.0072,0.007,0.021,-0.042,36,16,0.0133,169,108.75,3.0752,0.4908,3.711,2.266,1.445,2,3.675,-0.012,0.0097,0.021,-0.042,14,0.0174,1.825,0.2216,2.264,1.488,0,0.0,-0.0065,0.0032,0.0025,-0.0175,8,0.0103,1.2789,0.1074,1.484,1.115,0,0.0,-0.0031,0.0014,0.0005,-0.0075,0,0.0,1,1,1
103,1.9346,0.7329,3.583,1.088,0,0.0,0.0,-0.0067,0.0064,0.014,-0.0325,28,10,0.0178,141,69.8,2.8354,0.4758,3.583,2.114,1.469,1,3.583,-0.0116,0.0086,0.014,-0.0325,11,0.0186,1.7286,0.1966,2.112,1.429,0,0.0,-0.0057,0.0026,-0.001,-0.0165,4,0.0079,1.2398,0.099,1.429,1.088,0,0.0,-0.0028,0.0012,0.001,-0.0065,0,0.0,1,1,1
104,1.848,0.6855,3.46,0.972,1,1.061,355.0,-0.0067,0.0078,0.029,-0.0465,325,18,0.0173,356,190.3333,2.6817,0.4494,3.46,2.024,1.436,1,3.46,-0.0115,0.0078,0.0155,-0.0305,16,0.0143,1.6722,0.1799,2.019,1.401,0,0.0,-0.0052,0.002,-0.001,-0.0115,0,0.0,1.1899,0.1273,1.399,0.972,2,1.026,-0.0033,0.0088,0.029,-0.0465,9,0.0194,1,1,1
105,1.8065,0.6413,3.397,1.052,0,0.0,0.0,-0.0065,0.0052,0.008,-0.0255,25,6,0.0118,37,46.6667,2.5873,0.4294,3.397,1.966,1.431,0,0.0,-0.0119,0.0056,0.008,-0.0255,13,0.0113,1.6359,0.1709,1.959,1.374,0,0.0,-0.0049,0.0019,-0.0015,-0.013,0,0.0,1.1963,0.0948,1.37,1.052,0,0.0,-0.0027,0.0011,0.0005,-0.005,0,0.0,1,1,1
106,1.7521,0.5942,3.252,1.048,0,0.0,0.0,-0.0061,0.005,0.0005,-0.027,31,13,0.016,90,34.5385,2.4767,0.3886,3.252,1.908,1.344,0,0.0,-0.0113,0.0054,0.0,-0.027,15,0.0147,1.598,0.1623,1.9,1.347,0,0.0,-0.0047,0.0017,-0.0015,-0.011,0,0.0,1.1816,0.0878,1.343,1.048,0,0.0,-0.0025,0.001,0.0005,-0.005,0,0.0,1,1,1
107,1.7446,0.5559,3.095,1.065,0,0.0,0.0,-0.0056,0.0041,0.0005,-0.024,12,6,0.0137,36,29.8333,2.423,0.3522,3.095,1.911,1.184,0,0.0,-0.0099,0.0041,-0.004,-0.024,10,0.012,1.6068,0.1548,1.903,1.368,0,0.0,-0.0045,0.0017,-0.001,-0.0095,1,0.0095,1.2041,0.0878,1.367,1.065,0,0.0,-0.0025,0.001,0.0005,-0.0055,0,0.0,1,1,1
108,1.8458,0.5986,3.199,1.116,0,0.0,0.0,-0.0058,0.0043,0.004,-0.024,5,2,0.016,5,25.0,2.5789,0.3743,3.199,2.017,1.182,0,0.0,-0.0098,0.005,0.004,-0.024,3,0.0112,1.695,0.1643,2.01,1.433,0,0.0,-0.0048,0.0014,-0.0015,-0.0095,0,0.0,1.2634,0.0915,1.43,1.116,0,0.0,-0.0026,0.0007,-0.001,-0.004,0,0.0,1,1,1
109,1.9061,0.6204,3.223,1.144,0,0.0,0.0,-0.0055,0.0054,0.0365,-0.025,8,7,0.0126,88,40.5714,2.6694,0.3701,3.223,2.089,1.134,1,3.223,-0.0085,0.0082,0.0365,-0.025,11,0.0122,1.7523,0.1747,2.083,1.49,0,0.0,-0.005,0.0015,0.0,-0.008,0,0.0,1.2966,0.0966,1.487,1.144,0,0.0,-0.0029,0.0009,-0.001,-0.006,0,0.0,1,1,1
110,1.9747,0.6375,3.223,1.18,0,0.0,0.0,-0.0056,0.0046,0.012,-0.0275,53,7,0.014,91,50.0,2.7639,0.3506,3.223,2.184,1.039,4,3.1818,-0.0085,0.0067,0.012,-0.0275,12,0.0095,1.8208,0.189,2.178,1.526,0,0.0,-0.0055,0.0016,-0.002,-0.01,0,0.0,1.3394,0.103,1.524,1.18,0,0.0,-0.0029,0.0008,-0.0005,-0.005,0,0.0,1,1,1
111,1.9962,0.6335,3.15,1.19,1,3.15,30.0,-0.005,0.0058,0.0345,-0.0275,7,7,0.0178,111,48.4286,2.786,0.3117,3.15,2.23,0.92,3,3.1363,-0.0062,0.0096,0.0345,-0.0275,11,0.0155,1.8481,0.1956,2.221,1.554,0,0.0,-0.0056,0.0017,-0.002,-0.0105,0,0.0,1.3546,0.1053,1.549,1.19,0,0.0,-0.003,0.0009,-0.001,-0.006,0,0.0,1,1,1
112,1.963,0.6114,3.071,1.178,1,3.071,31.0,-0.0047,0.0053,0.018,-0.024,52,12,0.0109,98,85.1667,2.7272,0.286,3.071,2.191,0.88,1,3.071,-0.0058,0.0084,0.018,-0.024,17,0.0123,1.8223,0.1908,2.181,1.536,0,0.0,-0.0054,0.0023,0.0015,-0.014,2,0.005,1.3396,0.1033,1.531,1.178,0,0.0,-0.003,0.0016,0.0025,-0.009,3,0.0055,1,1,1
113,1.934,0.5933,3.012,1.17,0,0.0,0.0,-0.0047,0.0053,0.011,-0.024,34,7,0.0119,93,60.2857,2.6732,0.287,3.012,2.16,0.852,4,2.9938,-0.0059,0.0083,0.011,-0.024,9,0.0103,1.7989,0.1831,2.153,1.518,0,0.0,-0.0053,0.0029,0.0,-0.017,1,0.001,1.33,0.1035,1.514,1.17,0,0.0,-0.0029,0.0009,-0.001,-0.006,0,0.0,1,1,1
114,1.9177,0.5775,2.926,1.168,0,0.0,0.0,-0.0048,0.0044,0.008,-0.0245,52,3,0.0042,134,100.0,2.639,0.2651,2.926,2.138,0.788,3,2.9153,-0.0062,0.0068,0.008,-0.0245,3,0.0057,1.7893,0.1781,2.13,1.512,0,0.0,-0.0052,0.0024,-0.001,-0.0145,3,0.0055,1.3248,0.101,1.509,1.168,0,0.0,-0.0029,0.0011,0.0,-0.007,0,0.0,9,1,1
115,1.9362,0.5618,2.894,1.19,0,0.0,0.0,-0.0041,0.0051,0.027,-0.02,7,3,0.007,46,24.6667,2.638,0.2214,2.894,2.197,0.697,3,2.886,-0.004,0.0084,0.027,-0.02,4,0.0079,1.8254,0.183,2.193,1.54,0,0.0,-0.0055,0.002,-0.002,-0.0115,2,0.0087,1.3451,0.1008,1.536,1.19,0,0.0,-0.0029,0.0009,-0.0005,-0.005,0,0.0,9,1,1
116,2.0263,0.5707,2.93,1.219,0,0.0,0.0,-0.0037,0.0067,0.0395,-0.02,18,4,0.0204,132,72.5,2.7295,0.1456,2.93,2.413,0.517,4,2.7768,-0.0013,0.0105,0.0395,-0.02,5,0.0162,1.9488,0.2233,2.4,1.624,0,0.0,-0.0065,0.0029,-0.0005,-0.018,1,0.015,1.4005,0.1183,1.621,1.219,0,0.0,-0.0034,0.0011,-0.0015,-0.0065,0,0.0,9,1,1
117,2.0323,0.5425,2.898,1.231,0,0.0,0.0,-0.0034,0.0072,0.0365,-0.023,29,15,0.0119,106,66.6667,2.6792,0.1164,2.898,2.468,0.43,4,2.7438,0.0,0.0109,0.0365,-0.023,18,0.0131,1.9998,0.2417,2.464,1.638,0,0.0,-0.0069,0.0032,0.0035,-0.015,2,0.0075,1.418,0.1183,1.637,1.231,0,0.0,-0.0034,0.0011,-0.001,-0.0065,0,0.0,9,1,1
118,2.0201,0.5376,2.812,1.233,1,2.666,33.0,-0.0034,0.006,0.027,-0.0215,27,10,0.0082,105,69.3,2.6635,0.1093,2.812,2.454,0.358,5,2.6274,-0.0,0.0087,0.027,-0.0215,13,0.0094,1.9855,0.2367,2.442,1.639,0,0.0,-0.0068,0.0028,0.0,-0.018,2,0.009,1.4112,0.1146,1.634,1.233,0,0.0,-0.0034,0.0014,-0.001,-0.007,0,0.0,9,1,1
119,1.9215,0.4894,2.69,1.208,1,1.624,216.0,-0.0032,0.0084,0.049,-0.026,28,29,0.013,342,115.2759,2.5124,0.1159,2.69,2.273,0.417,3,2.6233,-0.0007,0.0121,0.049,-0.026,22,0.0118,1.8784,0.2084,2.267,1.583,5,1.7674,-0.0057,0.0061,0.012,-0.0235,15,0.0122,1.3737,0.1027,1.579,1.208,5,1.4154,-0.0031,0.0034,0.0035,-0.0165,3,0.0108,9,1,1
120,1.8614,0.456,2.558,1.206,2,2.533,39.5,-0.0024,0.0091,0.059,-0.03,21,11,0.0222,191,83.0909,2.4011,0.1495,2.558,2.058,0.5,9,2.4664,0.0011,0.0145,0.059,-0.03,9,0.0247,1.8331,0.1948,2.19,1.542,0,0.0,-0.0055,0.0035,0.0055,-0.0175,8,0.0089,1.35,0.0994,1.539,1.206,0,0.0,-0.0028,0.002,0.0005,-0.009,0,0.0,9,1,1
121,1.8093,0.4481,2.543,0.85,1,2.132,19.0,0.001,0.0338,0.4384,-0.0235,8,7,0.0763,125,40.5714,2.2447,0.3944,2.543,0.85,1.693,7,2.314,0.0112,0.057,0.4384,-0.0235,9,0.0618,1.8331,0.1897,2.192,1.548,0,0.0,-0.0054,0.0027,-0.0005,-0.014,4,0.0089,1.35,0.0989,1.544,1.193,0,0.0,-0.0029,0.0014,0.0,-0.0085,0,0.0,9,1,1
122,1.8308,0.4086,2.461,1.188,1,2.345,64.0,-0.0027,0.0054,0.017,-0.022,109,6,0.0129,140,99.8333,2.2932,0.114,2.461,2.1,0.361,5,2.281,0.0006,0.0075,0.017,-0.022,6,0.01,1.8431,0.1945,2.221,1.552,0,0.0,-0.0056,0.003,-0.0005,-0.017,3,0.0113,1.3561,0.1034,1.548,1.188,0,0.0,-0.003,0.0011,-0.0005,-0.006,0,0.0,9,1,1
123,1.7272,0.5018,2.459,0.78,1,2.437,108.0,0.0012,0.0359,0.5025,-0.015,40,2,0.253,185,112.5,1.8114,0.7189,2.459,0.78,1.679,6,2.1127,0.0136,0.0602,0.5025,-0.0105,3,0.1728,1.9695,0.2314,2.409,1.638,0,0.0,-0.0065,0.0033,0.001,-0.015,2,0.009,1.4006,0.1124,1.633,1.229,0,0.0,-0.0034,0.0017,0.0,-0.0095,0,0.0,9,1,1
124,1.6874,0.5626,2.392,0.471,0,0.0,0.0,0.0022,0.0368,0.5048,-0.024,47,7,0.0972,156,101.4286,1.5941,0.8307,2.386,0.471,1.915,5,1.9042,0.0159,0.0613,0.5048,-0.015,4,0.1589,2.0287,0.2382,2.392,1.662,1,2.392,-0.006,0.0046,0.007,-0.024,5,0.01,1.4394,0.1266,1.66,1.259,0,0.0,-0.0034,0.0019,0.0,-0.0085,1,0.0005,9,1,1
125,1.8706,0.325,2.315,1.268,2,2.1755,95.0,-0.002,0.0065,0.029,-0.0275,85,13,0.0112,220,99.0,2.0846,0.0993,2.298,1.962,0.336,6,2.068,0.0027,0.0082,0.029,-0.0275,11,0.014,2.0654,0.2023,2.315,1.68,3,2.294,-0.0052,0.0046,0.008,-0.0155,7,0.0062,1.4616,0.1227,1.677,1.268,0,0.0,-0.0034,0.0016,0.0,-0.0075,1,0.0075,9,1,1
126,1.8749,0.3374,2.377,1.263,4,2.0858,48.75,-0.0017,0.0086,0.062,-0.031,34,19,0.0156,200,114.9474,2.0922,0.1279,2.336,1.869,0.467,6,2.0388,0.0038,0.0116,0.062,-0.031,11,0.0195,2.0763,0.2183,2.377,1.693,3,2.3637,-0.0054,0.006,0.012,-0.0225,11,0.0112,1.4562,0.1204,1.684,1.263,0,0.0,-0.0036,0.0015,0.0005,-0.0075,0,0.0,9,1,1
127,1.8863,0.3479,2.425,1.263,2,2.0975,48.0,-0.0017,0.0074,0.062,-0.0285,0,18,0.0091,198,84.4444,2.1047,0.125,2.337,1.898,0.439,4,2.0782,0.0039,0.008,0.062,-0.018,13,0.0073,2.0981,0.2325,2.425,1.707,2,2.4065,-0.0053,0.0068,0.0135,-0.0285,11,0.011,1.456,0.1255,1.704,1.263,0,0.0,-0.0037,0.0017,0.002,-0.0105,0,0.0,9,1,1
128,1.8155,0.3148,2.285,1.243,2,2.147,107.5,-0.0015,0.0064,0.025,-0.031,77,12,0.0125,245,95.0833,2.0108,0.1223,2.222,1.788,0.434,6,1.956,0.0037,0.0071,0.025,-0.031,7,0.016,2.0081,0.204,2.285,1.676,3,2.1383,-0.0046,0.0052,0.009,-0.0185,6,0.0059,1.4277,0.1228,1.673,1.243,0,0.0,-0.0036,0.0024,0.0025,-0.0205,1,0.0205,9,1,1
129,1.7828,0.2922,2.221,1.234,1,1.915,81.0,-0.0021,0.0057,0.03,-0.0195,84,4,0.0145,174,86.25,1.958,0.0864,2.127,1.816,0.311,7,1.9083,0.0012,0.0072,0.03,-0.0195,4,0.0179,1.9746,0.18,2.221,1.649,1,2.221,-0.004,0.0052,0.0125,-0.016,2,0.0065,1.4157,0.1189,1.643,1.234,0,0.0,-0.0034,0.0012,0.0,-0.006,0,0.0,9,1,1
130,1.7736,0.2846,2.216,1.24,2,1.904,19.0,-0.0024,0.007,0.0395,-0.0385,86,8,0.0204,127,67.0,1.9343,0.0975,2.109,1.765,0.344,4,1.9072,-0.0003,0.0106,0.0395,-0.0385,10,0.0191,1.968,0.1711,2.216,1.653,1,2.216,-0.0035,0.0053,0.0115,-0.0145,5,0.0073,1.4186,0.1203,1.648,1.24,0,0.0,-0.0034,0.0011,-0.001,-0.006,0,0.0,9,1,1
131,1.7368,0.2631,2.163,1.235,2,1.7005,18.5,-0.0012,0.0055,0.0305,-0.012,93,9,0.0142,178,56.6667,1.821,0.1128,2.04,1.669,0.371,5,1.761,0.0031,0.0063,0.0305,-0.0115,12,0.0113,1.9643,0.156,2.163,1.66,1,2.163,-0.0032,0.0047,0.0075,-0.012,1,0.011,1.4251,0.1208,1.655,1.235,0,0.0,-0.0035,0.0012,-0.0015,-0.0075,0,0.0,1,1,1
